first_name,last_name,state,party,district
Adams,Alma S.,North Carolina,DEMOCRATIC,12
Aderholt,Robert B.,Alabama,REPUBLICAN,4
Aguilar,Pete,California,DEMOCRATIC,33
Alford,Mark,Missouri,REPUBLICAN,4
Allen,Rick W.,Georgia,REPUBLICAN,12
Allred,Colin Z.,Texas,DEMOCRATIC,32
Amodei,Mark E.,Nevada,REPUBLICAN,2
Armstrong,Kelly,North Dakota,REPUBLICAN,At Large
Arrington,Jodey C.,Texas,REPUBLICAN,19
Auchincloss,Jake,Massachusetts,DEMOCRATIC,4
Axne,Cynthia,Iowa,DEMOCRATIC,3
Babin,Brian,Texas,REPUBLICAN,36
Bacon,Don,Nebraska,REPUBLICAN,2
Baird,James R.,Indiana,REPUBLICAN,4
Balderson,Troy,Ohio,REPUBLICAN,12
Baldwin,Tammy,Wisconsin,DEMOCRATIC,
Balint,Becca,Vermont,DEMOCRATIC,At Large
Banks,Jim,Indiana,REPUBLICAN,3
Barr,Andy,Kentucky,REPUBLICAN,6
Barragan,Nanette Diaz,California,DEMOCRATIC,44
Barrasso,John,Wyoming,REPUBLICAN,
Bass,Karen,California,DEMOCRATIC,37
Bean,Aaron,Florida,REPUBLICAN,4
Beatty,Joyce,Ohio,DEMOCRATIC,3
Bennet,Michael F.,Colorado,DEMOCRATIC,
Bentz,Cliff,Oregon,REPUBLICAN,2
Bera,Ami,California,DEMOCRATIC,6
Bergman,Jack,Michigan,REPUBLICAN,1
Beyer,Donald S.,Virginia,DEMOCRATIC,8
Bice,Stephanie I.,Oklahoma,REPUBLICAN,5
Biggs,Andy,Arizona,REPUBLICAN,5
Bilirakis,Gus M.,Florida,REPUBLICAN,12
Bishop,Dan,North Carolina,REPUBLICAN,8
Bishop,Sanford D.,Georgia,DEMOCRATIC,2
Blackburn,Marsha,Tennessee,REPUBLICAN,
Blumenauer,Earl,Oregon,DEMOCRATIC,3
Blumenthal,Richard,Connecticut,DEMOCRATIC,
Blunt Rochester,Lisa,Delaware,DEMOCRATIC,At Large
Blunt,Roy,Missouri,REPUBLICAN,
Boebert,Lauren,Colorado,REPUBLICAN,3
Bonamici,Suzanne,Oregon,DEMOCRATIC,1
Booker,Cory A.,New Jersey,DEMOCRATIC,
Boozman,John,Arkansas,REPUBLICAN,
Bost,Mike,Illinois,REPUBLICAN,12
Bourdeaux,Carolyn,Georgia,DEMOCRATIC,7
Bowman,Jamaal,New York,DEMOCRATIC,16
Boyle,Brendan F.,Pennsylvania,DEMOCRATIC,2
Brady,Kevin,Texas,REPUBLICAN,8
Braun,Mike,Indiana,REPUBLICAN,
Brecheen,Josh,Oklahoma,REPUBLICAN,2
Britt,Katie Boyd,Alabama,REPUBLICAN,
Brooks,Mo,Alabama,REPUBLICAN,5
Brown,Anthony G.,Maryland,DEMOCRATIC,4
Brown,Sherrod,Ohio,DEMOCRATIC,
Brown,Shontel M.,Ohio,DEMOCRATIC,11
Brownley,Julia,California,DEMOCRATIC,26
Buchanan,Vern,Florida,REPUBLICAN,16
Buck,Ken,Colorado,REPUBLICAN,4
Bucshon,Larry,Indiana,REPUBLICAN,8
Budd,Ted,North Carolina,REPUBLICAN,
Budzinski,Nikki,Illinois,DEMOCRATIC,13
Burchett,Tim,Tennessee,REPUBLICAN,2
Burgess,Michael C.,Texas,REPUBLICAN,26
Burlison,Eric,Missouri,REPUBLICAN,7
Burr,Richard,North Carolina,REPUBLICAN,
Bush,Cori,Missouri,DEMOCRATIC,1
Bustos,Cheri,Illinois,DEMOCRATIC,17
Butterfield,G. K.,North Carolina,DEMOCRATIC,1
Calvert,Ken,California,REPUBLICAN,41
Cammack,Kat,Florida,REPUBLICAN,3
Cantwell,Maria,Washington,DEMOCRATIC,
Capito,Shelley Moore,West Virginia,REPUBLICAN,
Caraveo,Yadira,Colorado,DEMOCRATIC,8
Carbajal,Salud O.,California,DEMOCRATIC,24
Cardin,Benjamin L.,Maryland,DEMOCRATIC,
Carey,Mike,Ohio,REPUBLICAN,15
Carl,Jerry L.,Alabama,REPUBLICAN,1
Carper,Thomas R.,Delaware,DEMOCRATIC,
Carson,Andre,Indiana,DEMOCRATIC,7
Carter,Earl L.,Georgia,REPUBLICAN,1
Carter,John R.,Texas,REPUBLICAN,31
Carter,Troy,Louisiana,DEMOCRATIC,2
Cartwright,Matt,Pennsylvania,DEMOCRATIC,8
Casar,Greg,Texas,DEMOCRATIC,35
Case,Ed,Hawaii,DEMOCRATIC,1
Casey,Robert P.,Pennsylvania,DEMOCRATIC,
Cassidy,Bill,Louisiana,REPUBLICAN,
Casten,Sean,Illinois,DEMOCRATIC,6
Castor,Kathy,Florida,DEMOCRATIC,14
Castro,Joaquin,Texas,DEMOCRATIC,20
Cawthorn,Madison,North Carolina,REPUBLICAN,11
Chabot,Steve,Ohio,REPUBLICAN,1
Chavez-DeRemer,Lori,Oregon,REPUBLICAN,5
Cheney,Liz,Wyoming,REPUBLICAN,At Large
Cherfilus-McCormick,Sheila,Florida,DEMOCRATIC,20
Chu,Judy,California,DEMOCRATIC,28
Cicilline,David N.,Rhode Island,DEMOCRATIC,1
Ciscomani,Juan,Arizona,REPUBLICAN,6
Clark,Katherine M.,Massachusetts,DEMOCRATIC,5
Clarke,Yvette D.,New York,DEMOCRATIC,9
Cleaver,Emanuel,Missouri,DEMOCRATIC,5
Cline,Ben,Virginia,REPUBLICAN,6
Cloud,Michael,Texas,REPUBLICAN,27
Clyburn,James E.,South Carolina,DEMOCRATIC,6
Clyde,Andrew S.,Georgia,REPUBLICAN,9
Cohen,Steve,Tennessee,DEMOCRATIC,9
Cole,Tom,Oklahoma,REPUBLICAN,4
Collins,Mike,Georgia,REPUBLICAN,10
Collins,Susan M.,Maine,REPUBLICAN,
Comer,James,Kentucky,REPUBLICAN,1
Connolly,Gerald E.,Virginia,DEMOCRATIC,11
Conway,Connie,California,REPUBLICAN,22
Coons,Christopher A.,Delaware,DEMOCRATIC,
Cooper,Jim,Tennessee,DEMOCRATIC,5
Cornyn,John,Texas,REPUBLICAN,
Correa,J. Luis,California,DEMOCRATIC,46
Cortez Masto,Catherine,Nevada,DEMOCRATIC,
Costa,Jim,California,DEMOCRATIC,21
Cotton,Tom,Arkansas,REPUBLICAN,
Courtney,Joe,Connecticut,DEMOCRATIC,2
Craig,Angie,Minnesota,DEMOCRATIC,2
Cramer,Kevin,North Dakota,REPUBLICAN,
Crane,Elijah,Arizona,REPUBLICAN,2
Crapo,Mike,Idaho,REPUBLICAN,
Crawford,"Eric A. ""Rick""",Arkansas,REPUBLICAN,1
Crenshaw,Dan,Texas,REPUBLICAN,2
Crist,Charlie,Florida,DEMOCRATIC,13
Crockett,Jasmine,Texas,DEMOCRATIC,30
Crow,Jason,Colorado,DEMOCRATIC,6
Cruz,Ted,Texas,REPUBLICAN,
Cuellar,Henry,Texas,DEMOCRATIC,28
Curtis,John R.,Utah,REPUBLICAN,3
Cárdenas,Tony,California,DEMOCRATIC,29
D'Esposito,Anthony,New York,REPUBLICAN,4
Daines,Steve,Montana,REPUBLICAN,
Davids,Sharice,Kansas,DEMOCRATIC,3
Davidson,Warren,Ohio,REPUBLICAN,8
Davis,Danny K.,Illinois,DEMOCRATIC,7
Davis,Donald G.,North Carolina,DEMOCRATIC,1
Davis,Rodney,Illinois,REPUBLICAN,13
De La Cruz,Monica,Texas,REPUBLICAN,15
Dean,Madeleine,Pennsylvania,DEMOCRATIC,4
DeFazio,Peter A.,Oregon,DEMOCRATIC,4
DeGette,Diana,Colorado,DEMOCRATIC,1
DeLauro,Rosa L.,Connecticut,DEMOCRATIC,3
DelBene,Suzan K.,Washington,DEMOCRATIC,1
Delgado,Antonio,New York,DEMOCRATIC,19
Deluzio,Christopher R.,Pennsylvania,DEMOCRATIC,17
Demings,Val Butler,Florida,DEMOCRATIC,10
DeSaulnier,Mark,California,DEMOCRATIC,10
DesJarlais,Scott,Tennessee,REPUBLICAN,4
Deutch,Theodore E.,Florida,DEMOCRATIC,22
Diaz-Balart,Mario,Florida,REPUBLICAN,26
Dingell,Debbie,Michigan,DEMOCRATIC,6
Doggett,Lloyd,Texas,DEMOCRATIC,37
Donalds,Byron,Florida,REPUBLICAN,19
Doyle,Michael F.,Pennsylvania,DEMOCRATIC,18
Duarte,John S.,California,REPUBLICAN,13
Duckworth,Tammy,Illinois,DEMOCRATIC,
Duncan,Jeff,South Carolina,REPUBLICAN,3
Dunn,Neal P.,Florida,REPUBLICAN,2
Durbin,Richard J.,Illinois,DEMOCRATIC,
Edwards,Chuck,North Carolina,REPUBLICAN,11
Ellzey,Jake,Texas,REPUBLICAN,6
Emmer,Tom,Minnesota,REPUBLICAN,6
Ernst,Joni,Iowa,REPUBLICAN,
Escobar,Veronica,Texas,DEMOCRATIC,16
Eshoo,Anna G.,California,DEMOCRATIC,16
Espaillat,Adriano,New York,DEMOCRATIC,13
Estes,Ron,Kansas,REPUBLICAN,4
Evans,Dwight,Pennsylvania,DEMOCRATIC,3
Ezell,Mike,Mississippi,REPUBLICAN,4
Fallon,Pat,Texas,REPUBLICAN,4
Feenstra,Randy,Iowa,REPUBLICAN,4
Feinstein,Dianne,California,DEMOCRATIC,
Ferguson,A. Drew,Georgia,REPUBLICAN,3
Fetterman,John,Pennsylvania,DEMOCRATIC,
Finstad,Brad,Minnesota,REPUBLICAN,1
Fischbach,Michelle,Minnesota,REPUBLICAN,7
Fischer,Deb,Nebraska,REPUBLICAN,
Fitzgerald,Scott,Wisconsin,REPUBLICAN,5
Fitzpatrick,Brian K.,Pennsylvania,REPUBLICAN,1
Fleischmann,Charles J.,Tennessee,REPUBLICAN,3
Fletcher,Lizzie,Texas,DEMOCRATIC,7
Flood,Mike,Nebraska,REPUBLICAN,1
Flores,Mayra,Texas,REPUBLICAN,34
Fortenberry,Jeff,Nebraska,REPUBLICAN,1
Foster,Bill,Illinois,DEMOCRATIC,11
Foushee,Valerie P.,North Carolina,DEMOCRATIC,4
Foxx,Virginia,North Carolina,REPUBLICAN,5
Frankel,Lois,Florida,DEMOCRATIC,22
Franklin,C. Scott,Florida,REPUBLICAN,18
Frost,Maxwell,Florida,DEMOCRATIC,10
Fry,Russell,South Carolina,REPUBLICAN,7
Fudge,Marcia L.,Ohio,DEMOCRATIC,11
Fulcher,Russ,Idaho,REPUBLICAN,1
Gaetz,Matt,Florida,REPUBLICAN,1
Gallagher,Mike,Wisconsin,REPUBLICAN,8
Gallego,Ruben,Arizona,DEMOCRATIC,3
Garamendi,John,California,DEMOCRATIC,8
Garbarino,Andrew R.,New York,REPUBLICAN,2
Garcia,"Jesus G. ""Chuy""",Illinois,DEMOCRATIC,4
Garcia,Mike,California,REPUBLICAN,27
Garcia,Robert,California,DEMOCRATIC,42
Garcia,Sylvia R.,Texas,DEMOCRATIC,29
Gibbs,Bob,Ohio,REPUBLICAN,7
Gillibrand,Kirsten E.,New York,DEMOCRATIC,
Gimenez,Carlos A.,Florida,REPUBLICAN,28
Gohmert,Louie,Texas,REPUBLICAN,1
Golden,Jared F.,Maine,DEMOCRATIC,2
Goldman,Daniel S.,New York,DEMOCRATIC,10
Gomez,Jimmy,California,DEMOCRATIC,34
Gonzales,Tony,Texas,REPUBLICAN,23
Gonzalez,Anthony,Ohio,REPUBLICAN,16
Gonzalez,Vicente,Texas,DEMOCRATIC,34
González-Colón,Jenniffer,Puerto Rico,REPUBLICAN,At Large
Good,Bob,Virginia,REPUBLICAN,5
Gooden,Lance,Texas,REPUBLICAN,5
Gosar,Paul A.,Arizona,REPUBLICAN,9
Gottheimer,Josh,New Jersey,DEMOCRATIC,5
Graham,Lindsey,South Carolina,REPUBLICAN,
Granger,Kay,Texas,REPUBLICAN,12
Grassley,Chuck,Iowa,REPUBLICAN,
Graves,Garret,Louisiana,REPUBLICAN,6
Graves,Sam,Missouri,REPUBLICAN,6
Green,Al,Texas,DEMOCRATIC,9
Green,Mark E.,Tennessee,REPUBLICAN,7
Greene,Marjorie Taylor,Georgia,REPUBLICAN,14
Griffith,H. Morgan,Virginia,REPUBLICAN,9
Grijalva,Raúl M.,Arizona,DEMOCRATIC,7
Grothman,Glenn,Wisconsin,REPUBLICAN,6
Guest,Michael,Mississippi,REPUBLICAN,3
Guthrie,Brett,Kentucky,REPUBLICAN,2
Haaland,Debra A.,New Mexico,DEMOCRATIC,1
Hagedorn,Jim,Minnesota,REPUBLICAN,1
Hageman,Harriet M.,Wyoming,REPUBLICAN,At Large
Hagerty,Bill,Tennessee,REPUBLICAN,
Harder,Josh,California,DEMOCRATIC,9
Harris,Andy,Maryland,REPUBLICAN,1
Harris,Kamala D.,California,DEMOCRATIC,
Harshbarger,Diana,Tennessee,REPUBLICAN,1
Hartzler,Vicky,Missouri,REPUBLICAN,4
Hassan,Margaret Wood,New Hampshire,DEMOCRATIC,
Hastings,Alcee L.,Florida,DEMOCRATIC,20
Hawley,Josh,Missouri,REPUBLICAN,
Hayes,Jahana,Connecticut,DEMOCRATIC,5
Heinrich,Martin,New Mexico,DEMOCRATIC,
Hern,Kevin,Oklahoma,REPUBLICAN,1
Herrell,Yvette,New Mexico,REPUBLICAN,2
Herrera Beutler,Jaime,Washington,REPUBLICAN,3
Hice,Jody B.,Georgia,REPUBLICAN,10
Hickenlooper,John W.,Colorado,DEMOCRATIC,
Higgins,Brian,New York,DEMOCRATIC,26
Higgins,Clay,Louisiana,REPUBLICAN,3
Hill,J. French,Arkansas,REPUBLICAN,2
Himes,James A.,Connecticut,DEMOCRATIC,4
Hinson,Ashley,Iowa,REPUBLICAN,2
Hirono,Mazie K.,Hawaii,DEMOCRATIC,
Hoeven,John,North Dakota,REPUBLICAN,
Hollingsworth,Trey,Indiana,REPUBLICAN,9
Horsford,Steven,Nevada,DEMOCRATIC,4
Houchin,Erin,Indiana,REPUBLICAN,9
Houlahan,Chrissy,Pennsylvania,DEMOCRATIC,6
Hoyer,Steny H.,Maryland,DEMOCRATIC,5
Hoyle,Val T.,Oregon,DEMOCRATIC,4
Hudson,Richard,North Carolina,REPUBLICAN,9
Huffman,Jared,California,DEMOCRATIC,2
Huizenga,Bill,Michigan,REPUBLICAN,4
Hunt,Wesley,Texas,REPUBLICAN,38
Hyde-Smith,Cindy,Mississippi,REPUBLICAN,
Inhofe,James M.,Oklahoma,REPUBLICAN,
Issa,Darrell E.,California,REPUBLICAN,48
Ivey,Glenn,Maryland,DEMOCRATIC,4
Jackson Lee,Sheila,Texas,DEMOCRATIC,18
Jackson,Jeff,North Carolina,DEMOCRATIC,14
Jackson,Jonathan L.,Illinois,DEMOCRATIC,1
Jackson,Ronny,Texas,REPUBLICAN,13
Jacobs,Chris,New York,REPUBLICAN,27
Jacobs,Sara,California,DEMOCRATIC,51
James,John,Michigan,REPUBLICAN,10
Jayapal,Pramila,Washington,DEMOCRATIC,7
Jeffries,Hakeem S.,New York,DEMOCRATIC,8
Johnson,Bill,Ohio,REPUBLICAN,6
Johnson,Dusty,South Dakota,REPUBLICAN,At Large
Johnson,Eddie Bernice,Texas,DEMOCRATIC,30
Johnson,"Henry C. ""Hank,"" Jr.",Georgia,DEMOCRATIC,4
Johnson,Mike,Louisiana,REPUBLICAN,4
Johnson,Ron,Wisconsin,REPUBLICAN,
Jones,Mondaire,New York,DEMOCRATIC,17
Jordan,Jim,Ohio,REPUBLICAN,4
Joyce,David P.,Ohio,REPUBLICAN,14
Joyce,John,Pennsylvania,REPUBLICAN,13
Kahele,Kaiali'i,Hawaii,DEMOCRATIC,2
Kaine,Tim,Virginia,DEMOCRATIC,
Kamlager-Dove,Sydney,California,DEMOCRATIC,37
Kaptur,Marcy,Ohio,DEMOCRATIC,9
Katko,John,New York,REPUBLICAN,24
Kean,Thomas H.,New Jersey,REPUBLICAN,7
Keating,William R.,Massachusetts,DEMOCRATIC,9
Keller,Fred,Pennsylvania,REPUBLICAN,12
Kelly,Mark,Arizona,DEMOCRATIC,
Kelly,Mike,Pennsylvania,REPUBLICAN,16
Kelly,Robin L.,Illinois,DEMOCRATIC,2
Kelly,Trent,Mississippi,REPUBLICAN,1
Kennedy,John,Louisiana,REPUBLICAN,
Khanna,Ro,California,DEMOCRATIC,17
Kiggans,Jennifer A,Virginia,REPUBLICAN,2
Kildee,Daniel T.,Michigan,DEMOCRATIC,8
Kiley,Kevin,California,REPUBLICAN,3
Kilmer,Derek,Washington,DEMOCRATIC,6
Kim,Andy,New Jersey,DEMOCRATIC,3
Kim,Young,California,REPUBLICAN,40
Kind,Ron,Wisconsin,DEMOCRATIC,3
King,Angus S.,Maine,INDEPENDENT,
Kinzinger,Adam,Illinois,REPUBLICAN,16
Kirkpatrick,Ann,Arizona,DEMOCRATIC,2
Klobuchar,Amy,Minnesota,DEMOCRATIC,
Krishnamoorthi,Raja,Illinois,DEMOCRATIC,8
Kuster,Ann M.,New Hampshire,DEMOCRATIC,2
Kustoff,David,Tennessee,REPUBLICAN,8
LaHood,Darin,Illinois,REPUBLICAN,16
LaLota,Nick,New York,REPUBLICAN,1
LaMalfa,Doug,California,REPUBLICAN,1
Lamb,Conor,Pennsylvania,DEMOCRATIC,17
Lamborn,Doug,Colorado,REPUBLICAN,5
Landsman,Greg,Ohio,DEMOCRATIC,1
Langevin,James R.,Rhode Island,DEMOCRATIC,2
Langworthy,Nicholas A.,New York,REPUBLICAN,23
Lankford,James,Oklahoma,REPUBLICAN,
Larsen,Rick,Washington,DEMOCRATIC,2
Larson,John B.,Connecticut,DEMOCRATIC,1
Latta,Robert E.,Ohio,REPUBLICAN,5
LaTurner,Jake,Kansas,REPUBLICAN,2
Lawler,Michael,New York,REPUBLICAN,17
Lawrence,Brenda L.,Michigan,DEMOCRATIC,14
Lawson,Al,Florida,DEMOCRATIC,5
Leahy,Patrick J.,Vermont,DEMOCRATIC,
Lee,Barbara,California,DEMOCRATIC,12
Lee,Laurel M.,Florida,REPUBLICAN,15
Lee,Mike,Utah,REPUBLICAN,
Lee,Summer L.,Pennsylvania,DEMOCRATIC,12
Lee,Susie,Nevada,DEMOCRATIC,3
Leger Fernandez,Teresa,New Mexico,DEMOCRATIC,3
Lesko,Debbie,Arizona,REPUBLICAN,8
Letlow,Julia,Louisiana,REPUBLICAN,5
Levin,Andy,Michigan,DEMOCRATIC,9
Levin,Mike,California,DEMOCRATIC,49
Lieu,Ted,California,DEMOCRATIC,36
Loeffler,Kelly,Georgia,REPUBLICAN,
Lofgren,Zoe,California,DEMOCRATIC,18
Long,Billy,Missouri,REPUBLICAN,7
Loudermilk,Barry,Georgia,REPUBLICAN,11
Lowenthal,Alan S.,California,DEMOCRATIC,47
Lucas,Frank D.,Oklahoma,REPUBLICAN,3
Luetkemeyer,Blaine,Missouri,REPUBLICAN,3
Lujan,Ben Ray,New Mexico,DEMOCRATIC,
Lummis,Cynthia M.,Wyoming,REPUBLICAN,
Luna,Anna Paulina,Florida,REPUBLICAN,13
Luria,Elaine G.,Virginia,DEMOCRATIC,2
Luttrell,Morgan,Texas,REPUBLICAN,8
Lynch,Stephen F.,Massachusetts,DEMOCRATIC,8
Mace,Nancy,South Carolina,REPUBLICAN,1
Magaziner,Seth,Rhode Island,DEMOCRATIC,2
Malinowski,Tom,New Jersey,DEMOCRATIC,7
Malliotakis,Nicole,New York,REPUBLICAN,11
Maloney,Carolyn B.,New York,DEMOCRATIC,12
Maloney,Sean Patrick,New York,DEMOCRATIC,18
Manchin,Joe,West Virginia,DEMOCRATIC,
Mann,Tracey,Kansas,REPUBLICAN,1
Manning,Kathy E.,North Carolina,DEMOCRATIC,6
Markey,Edward J.,Massachusetts,DEMOCRATIC,
Marshall,Roger,Kansas,REPUBLICAN,
Massie,Thomas,Kentucky,REPUBLICAN,4
Mast,Brian J.,Florida,REPUBLICAN,21
Matsui,Doris O.,California,DEMOCRATIC,7
McBath,Lucy,Georgia,DEMOCRATIC,7
McCarthy,Kevin,California,REPUBLICAN,20
McCaul,Michael T.,Texas,REPUBLICAN,10
McClain,Lisa C.,Michigan,REPUBLICAN,9
McClintock,Tom,California,REPUBLICAN,5
McCollum,Betty,Minnesota,DEMOCRATIC,4
McConnell,Mitch,Kentucky,REPUBLICAN,
McCormick,Richard,Georgia,REPUBLICAN,6
McEachin,A. Donald,Virginia,DEMOCRATIC,4
McGarvey,Morgan,Kentucky,DEMOCRATIC,3
McGovern,James P.,Massachusetts,DEMOCRATIC,2
McHenry,Patrick T.,North Carolina,REPUBLICAN,10
McKinley,David B.,West Virginia,REPUBLICAN,1
McMorris Rodgers,Cathy,Washington,REPUBLICAN,5
McNerney,Jerry,California,DEMOCRATIC,9
Meeks,Gregory W.,New York,DEMOCRATIC,5
Meijer,Peter,Michigan,REPUBLICAN,3
Menendez,Robert,New Jersey,DEMOCRATIC,8
Menendez,Robert,New Jersey,DEMOCRATIC,
Meng,Grace,New York,DEMOCRATIC,6
Merkley,Jeff,Oregon,DEMOCRATIC,
Meuser,Daniel,Pennsylvania,REPUBLICAN,9
Mfume,Kweisi,Maryland,DEMOCRATIC,7
Miller,Carol D.,West Virginia,REPUBLICAN,1
Miller,Mary E.,Illinois,REPUBLICAN,15
Miller,Max L.,Ohio,REPUBLICAN,7
Miller-Meeks,Mariannette,Iowa,REPUBLICAN,1
Mills,Cory,Florida,REPUBLICAN,7
Molinaro,Marcus J.,New York,REPUBLICAN,19
Moolenaar,John R.,Michigan,REPUBLICAN,2
Mooney,Alexander X.,West Virginia,REPUBLICAN,2
Moore,Barry,Alabama,REPUBLICAN,2
Moore,Blake D.,Utah,REPUBLICAN,1
Moore,Gwen,Wisconsin,DEMOCRATIC,4
Moran,Jerry,Kansas,REPUBLICAN,
Moran,Nathaniel,Texas,REPUBLICAN,1
Morelle,Joseph D.,New York,DEMOCRATIC,25
Moskowitz,Jared,Florida,DEMOCRATIC,23
Moulton,Seth,Massachusetts,DEMOCRATIC,6
Moylan,James C.,Guam,REPUBLICAN,At Large
Mrvan,Frank J.,Indiana,DEMOCRATIC,1
Mullin,Kevin,California,DEMOCRATIC,15
Mullin,Markwayne,Oklahoma,REPUBLICAN,
Murkowski,Lisa,Alaska,REPUBLICAN,
Murphy,Christopher,Connecticut,DEMOCRATIC,
Murphy,Gregory,North Carolina,REPUBLICAN,3
Murphy,Stephanie N.,Florida,DEMOCRATIC,7
Murray,Patty,Washington,DEMOCRATIC,
Nadler,Jerrold,New York,DEMOCRATIC,12
Napolitano,Grace F.,California,DEMOCRATIC,31
Neal,Richard E.,Massachusetts,DEMOCRATIC,1
Neguse,Joe,Colorado,DEMOCRATIC,2
Nehls,Troy E.,Texas,REPUBLICAN,22
Newhouse,Dan,Washington,REPUBLICAN,4
Newman,Marie,Illinois,DEMOCRATIC,3
Nickel,Wiley,North Carolina,DEMOCRATIC,13
Norcross,Donald,New Jersey,DEMOCRATIC,1
Norman,Ralph,South Carolina,REPUBLICAN,5
Norton,Eleanor Holmes,District of Columbia,DEMOCRATIC,At Large
Nunes,Devin,California,REPUBLICAN,22
Nunn,Zachary,Iowa,REPUBLICAN,3
O'Halleran,Tom,Arizona,DEMOCRATIC,1
Obernolte,Jay,California,REPUBLICAN,23
Ocasio-Cortez,Alexandria,New York,DEMOCRATIC,14
Ogles,Andrew,Tennessee,REPUBLICAN,5
Omar,Ilhan,Minnesota,DEMOCRATIC,5
Ossoff,Jon,Georgia,DEMOCRATIC,
Owens,Burgess,Utah,REPUBLICAN,4
Padilla,Alex,California,DEMOCRATIC,
Palazzo,Steven M.,Mississippi,REPUBLICAN,4
Pallone,Frank,New Jersey,DEMOCRATIC,6
Palmer,Gary J.,Alabama,REPUBLICAN,6
Panetta,Jimmy,California,DEMOCRATIC,19
Pappas,Chris,New Hampshire,DEMOCRATIC,1
Pascrell,Bill,New Jersey,DEMOCRATIC,9
Paul,Rand,Kentucky,REPUBLICAN,
Payne,Donald M.,New Jersey,DEMOCRATIC,10
Pelosi,Nancy,California,DEMOCRATIC,11
Peltola,Mary Sattler,Alaska,DEMOCRATIC,At Large
Pence,Greg,Indiana,REPUBLICAN,6
Perez,Marie Gluesenkamp,Washington,DEMOCRATIC,3
Perlmutter,Ed,Colorado,DEMOCRATIC,7
Perry,Scott,Pennsylvania,REPUBLICAN,10
Peters,Gary C.,Michigan,DEMOCRATIC,
Peters,Scott H.,California,DEMOCRATIC,50
Pettersen,Brittany,Colorado,DEMOCRATIC,7
Pfluger,August,Texas,REPUBLICAN,11
Phillips,Dean,Minnesota,DEMOCRATIC,3
Pingree,Chellie,Maine,DEMOCRATIC,1
Plaskett,Stacey E.,Virgin Islands,DEMOCRATIC,At Large
Pocan,Mark,Wisconsin,DEMOCRATIC,2
Porter,Katie,California,DEMOCRATIC,47
Portman,Rob,Ohio,REPUBLICAN,
Posey,Bill,Florida,REPUBLICAN,8
Pressley,Ayanna,Massachusetts,DEMOCRATIC,7
Price,David E.,North Carolina,DEMOCRATIC,4
Quigley,Mike,Illinois,DEMOCRATIC,5
Radewagen,Aumua Amata Coleman,American Samoa,REPUBLICAN,At Large
Ramirez,Delia C.,Illinois,DEMOCRATIC,3
Raskin,Jamie,Maryland,DEMOCRATIC,8
Reed,Jack,Rhode Island,DEMOCRATIC,
Reed,Tom,New York,REPUBLICAN,23
Reschenthaler,Guy,Pennsylvania,REPUBLICAN,14
Rice,Kathleen M.,New York,DEMOCRATIC,4
Rice,Tom,South Carolina,REPUBLICAN,7
Richmond,Cedric L.,Louisiana,DEMOCRATIC,2
Ricketts,Pete,Nebraska,REPUBLICAN,
Risch,James E.,Idaho,REPUBLICAN,
Rogers,Harold,Kentucky,REPUBLICAN,5
Rogers,Mike D.,Alabama,REPUBLICAN,3
Romney,Mitt,Utah,REPUBLICAN,
Rose,John W.,Tennessee,REPUBLICAN,6
Rosen,Jacky,Nevada,DEMOCRATIC,
Rosendale Sr.,Matthew M.,Montana,REPUBLICAN,2
Ross,Deborah K.,North Carolina,DEMOCRATIC,2
Rounds,Mike,South Dakota,REPUBLICAN,
Rouzer,David,North Carolina,REPUBLICAN,7
Roy,Chip,Texas,REPUBLICAN,21
Roybal-Allard,Lucille,California,DEMOCRATIC,40
Rubio,Marco,Florida,REPUBLICAN,
Ruiz,Raul,California,DEMOCRATIC,25
Ruppersberger,C. A. Dutch,Maryland,DEMOCRATIC,2
Rush,Bobby L.,Illinois,DEMOCRATIC,1
Rutherford,John H.,Florida,REPUBLICAN,5
Ryan,Patrick,New York,DEMOCRATIC,18
Ryan,Tim,Ohio,DEMOCRATIC,13
Sablan,Gregorio Kilili Camacho,Northern Mariana Islands,DEMOCRATIC,At Large
Salazar,Maria Elvira,Florida,REPUBLICAN,27
Salinas,Andrea,Oregon,DEMOCRATIC,6
San Nicolas,Michael F. Q.,Guam,DEMOCRATIC,At Large
Sanders,Bernard,Vermont,INDEPENDENT,
Santos,George,New York,REPUBLICAN,3
Sarbanes,John P.,Maryland,DEMOCRATIC,3
Sasse,Ben,Nebraska,REPUBLICAN,
Scalise,Steve,Louisiana,REPUBLICAN,1
Scanlon,Mary Gay,Pennsylvania,DEMOCRATIC,5
Schakowsky,Janice D.,Illinois,DEMOCRATIC,9
Schatz,Brian,Hawaii,DEMOCRATIC,
Schiff,Adam B.,California,DEMOCRATIC,30
Schmitt,Eric,Missouri,REPUBLICAN,
Schneider,Bradley Scott,Illinois,DEMOCRATIC,10
Scholten,Hillary J.,Michigan,DEMOCRATIC,3
Schrader,Kurt,Oregon,DEMOCRATIC,5
Schrier,Kim,Washington,DEMOCRATIC,8
Schumer,Charles E.,New York,DEMOCRATIC,
Schweikert,David,Arizona,REPUBLICAN,1
Scott,Austin,Georgia,REPUBLICAN,8
Scott,David,Georgia,DEMOCRATIC,13
Scott,Rick,Florida,REPUBLICAN,
Scott,"Robert C. ""Bobby""",Virginia,DEMOCRATIC,3
Scott,Tim,South Carolina,REPUBLICAN,
Self,Keith,Texas,REPUBLICAN,3
Sempolinski,Joseph,New York,REPUBLICAN,23
Sessions,Pete,Texas,REPUBLICAN,17
Sewell,Terri A.,Alabama,DEMOCRATIC,7
Shaheen,Jeanne,New Hampshire,DEMOCRATIC,
Shelby,Richard C.,Alabama,REPUBLICAN,
Sherman,Brad,California,DEMOCRATIC,32
Sherrill,Mikie,New Jersey,DEMOCRATIC,11
Simpson,Michael K.,Idaho,REPUBLICAN,2
Sinema,Kyrsten,Arizona,INDEPENDENT,
Sires,Albio,New Jersey,DEMOCRATIC,8
Slotkin,Elissa,Michigan,DEMOCRATIC,7
Smith,Adam,Washington,DEMOCRATIC,9
Smith,Adrian,Nebraska,REPUBLICAN,3
Smith,Christopher H.,New Jersey,REPUBLICAN,4
Smith,Jason,Missouri,REPUBLICAN,8
Smith,Tina,Minnesota,DEMOCRATIC,
Smucker,Lloyd,Pennsylvania,REPUBLICAN,11
Sorensen,Eric,Illinois,DEMOCRATIC,17
Soto,Darren,Florida,DEMOCRATIC,9
Spanberger,Abigail Davis,Virginia,DEMOCRATIC,7
Spartz,Victoria,Indiana,REPUBLICAN,5
Speier,Jackie,California,DEMOCRATIC,14
Stabenow,Debbie,Michigan,DEMOCRATIC,
Stansbury,Melanie Ann,New Mexico,DEMOCRATIC,1
Stanton,Greg,Arizona,DEMOCRATIC,4
Stauber,Pete,Minnesota,REPUBLICAN,8
Steel,Michelle,California,REPUBLICAN,45
Stefanik,Elise M.,New York,REPUBLICAN,21
Steil,Bryan,Wisconsin,REPUBLICAN,1
Steube,W. Gregory,Florida,REPUBLICAN,17
Stevens,Haley M.,Michigan,DEMOCRATIC,11
Stewart,Chris,Utah,REPUBLICAN,2
Stivers,Steve,Ohio,REPUBLICAN,15
Strickland,Marilyn,Washington,DEMOCRATIC,10
Strong,Dale,Alabama,REPUBLICAN,5
Sullivan,Dan,Alaska,REPUBLICAN,
Suozzi,Thomas R.,New York,DEMOCRATIC,3
Swalwell,Eric,California,DEMOCRATIC,14
Sykes,Emilia Strong,Ohio,DEMOCRATIC,13
Sánchez,Linda T.,California,DEMOCRATIC,38
Takano,Mark,California,DEMOCRATIC,39
Taylor,Van,Texas,REPUBLICAN,3
Tenney,Claudia,New York,REPUBLICAN,24
Tester,Jon,Montana,DEMOCRATIC,
Thanedar,Shri,Michigan,DEMOCRATIC,13
Thompson,Bennie G.,Mississippi,DEMOCRATIC,2
Thompson,Glenn,Pennsylvania,REPUBLICAN,15
Thompson,Mike,California,DEMOCRATIC,4
Thune,John,South Dakota,REPUBLICAN,
Tiffany,Thomas P.,Wisconsin,REPUBLICAN,7
Tillis,Thomas,North Carolina,REPUBLICAN,
Timmons,William R. IV,South Carolina,REPUBLICAN,4
Titus,Dina,Nevada,DEMOCRATIC,1
Tlaib,Rashida,Michigan,DEMOCRATIC,12
Tokuda,Jill N.,Hawaii,DEMOCRATIC,2
Tonko,Paul,New York,DEMOCRATIC,20
Toomey,Patrick,Pennsylvania,REPUBLICAN,
Torres,Norma J.,California,DEMOCRATIC,35
Torres,Ritchie,New York,DEMOCRATIC,15
Trahan,Lori,Massachusetts,DEMOCRATIC,3
Trone,David J.,Maryland,DEMOCRATIC,6
Tuberville,Tommy,Alabama,REPUBLICAN,
Turner,Michael R.,Ohio,REPUBLICAN,10
Underwood,Lauren,Illinois,DEMOCRATIC,14
Upton,Fred,Michigan,REPUBLICAN,6
Valadao,David G.,California,REPUBLICAN,22
Van Drew,Jefferson,New Jersey,REPUBLICAN,2
Van Duyne,Beth,Texas,REPUBLICAN,24
Van Hollen,Chris,Maryland,DEMOCRATIC,
Van Orden,Derrick,Wisconsin,REPUBLICAN,3
Vance,J.D.,Ohio,REPUBLICAN,
Vargas,Juan,California,DEMOCRATIC,52
Vasquez,Gabe,New Mexico,DEMOCRATIC,2
Veasey,Marc A.,Texas,DEMOCRATIC,33
Vela,Filemon,Texas,DEMOCRATIC,34
Velazquez,Nydia M.,New York,DEMOCRATIC,7
Wagner,Ann,Missouri,REPUBLICAN,2
Walberg,Tim,Michigan,REPUBLICAN,5
Walorski,Jackie,Indiana,REPUBLICAN,2
Waltz,Michael,Florida,REPUBLICAN,6
Warner,Mark R.,Virginia,DEMOCRATIC,
Warnock,Raphael G.,Georgia,DEMOCRATIC,
Warren,Elizabeth,Massachusetts,DEMOCRATIC,
Wasserman Schultz,Debbie,Florida,DEMOCRATIC,25
Waters,Maxine,California,DEMOCRATIC,43
Watson Coleman,Bonnie,New Jersey,DEMOCRATIC,12
Weber,Randy K.,Texas,REPUBLICAN,14
Webster,Daniel,Florida,REPUBLICAN,11
Welch,Peter,Vermont,DEMOCRATIC,
Wenstrup,Brad R.,Ohio,REPUBLICAN,2
Westerman,Bruce,Arkansas,REPUBLICAN,4
Wexton,Jennifer,Virginia,DEMOCRATIC,10
Whitehouse,Sheldon,Rhode Island,DEMOCRATIC,
Wicker,Roger F.,Mississippi,REPUBLICAN,
Wild,Susan,Pennsylvania,DEMOCRATIC,7
Williams,Brandon,New York,REPUBLICAN,22
Williams,Nikema,Georgia,DEMOCRATIC,5
Williams,Roger,Texas,REPUBLICAN,25
Wilson,Frederica S.,Florida,DEMOCRATIC,24
Wilson,Joe,South Carolina,REPUBLICAN,2
Wittman,Robert J.,Virginia,REPUBLICAN,1
Womack,Steve,Arkansas,REPUBLICAN,3
Wright,Ron,Texas,REPUBLICAN,6
Wyden,Ron,Oregon,DEMOCRATIC,
Yakym,Rudy,Indiana,REPUBLICAN,2
Yarmuth,John A.,Kentucky,DEMOCRATIC,3
Young,Don,Alaska,REPUBLICAN,At Large
Young,Todd,Indiana,REPUBLICAN,
Zeldin,Lee M.,New York,REPUBLICAN,1
Zinke,Ryan K.,Montana,REPUBLICAN,1
