first_name,last_name,state,party,district,official_channel,campaign_channel
Adams,Alma S.,North Carolina,DEMOCRATIC,12,https://www.youtube.com/@rep.almaadams1275,https://www.youtube.com/@AlmaAdamsforCongress
Aderholt,Robert B.,Alabama,REPUBLICAN,4,https://www.youtube.com/@RobertAderholt,
Aguilar,Pete,California,DEMOCRATIC,33,https://www.youtube.com/@rep.peteaguilar4281,https://www.youtube.com/@peteaguilarforcongress7460
Alford,Mark,Missouri,REPUBLICAN,4,https://www.youtube.com/@RepAlford,https://www.youtube.com/@markaalford
Allen,Rick W.,Georgia,REPUBLICAN,12,https://www.youtube.com/@congressmanrickallen8082,https://www.youtube.com/@RickAllenGA
Allred,Colin Z.,Texas,DEMOCRATIC,32,https://www.youtube.com/@RepColinAllred,https://www.youtube.com/@colinallredforcongress1547
Amodei,Mark E.,Nevada,REPUBLICAN,2,https://www.youtube.com/@MarkAmodeiNV2,https://www.youtube.com/@amodeifornevada7226
Armstrong,Kelly,North Dakota,REPUBLICAN,At Large,https://www.youtube.com/@RepArmstrongND,https://www.youtube.com/@coffeewithcongress5876
Arrington,Jodey C.,Texas,REPUBLICAN,19,https://www.youtube.com/@rep.jodeyarrington9944,https://www.youtube.com/@jodeyarrington2242
Auchincloss,Jake,Massachusetts,DEMOCRATIC,4,https://www.youtube.com/@RepAuchincloss,https://www.youtube.com/@auchinclossforcongress8053
Axne,Cynthia,Iowa,DEMOCRATIC,3,https://www.youtube.com/@rep.cindyaxne6750,https://www.youtube.com/@cindyaxne64
Babin,Brian,Texas,REPUBLICAN,36,https://www.youtube.com/@RepBrianBabin,https://www.youtube.com/@dr.brianbabinforu.s.congre1699
Bacon,Don,Nebraska,REPUBLICAN,2,https://www.youtube.com/@RepDonBacon,https://www.youtube.com/@DonBaconforCongress
Baird,James R.,Indiana,REPUBLICAN,4,https://www.youtube.com/@RepJimBaird,https://www.youtube.com/@Aa08080808
Balderson,Troy,Ohio,REPUBLICAN,12,https://www.youtube.com/@repbalderson,https://www.youtube.com/@baldersonforcongress5500
Baldwin,Tammy,Wisconsin,DEMOCRATIC,,https://www.youtube.com/@SenatorTammyBaldwin,https://www.youtube.com/@TammyBaldwinCampaign
Balint,Becca,Vermont,DEMOCRATIC,At Large,https://www.youtube.com/@beccabalint6303,
Banks,Jim,Indiana,REPUBLICAN,3,https://www.youtube.com/@RepJimBanks,https://www.youtube.com/@jimbanksforcongress4058
Barr,Andy,Kentucky,REPUBLICAN,6,https://www.youtube.com/@RepAndyBarr,https://www.youtube.com/@andybarrforcongress5657
Barragan,Nanette Diaz,California,DEMOCRATIC,44,https://www.youtube.com/@rep.nanettediazbarragan694,https://www.youtube.com/@nanettebarraganforcongress1341
Barrasso,John,Wyoming,REPUBLICAN,,https://www.youtube.com/@barrassowyo,
Bass,Karen,California,DEMOCRATIC,37,https://www.youtube.com/@RepKarenBass,https://www.youtube.com/@karenbassformayor3878
Bean,Aaron,Florida,REPUBLICAN,4,https://www.youtube.com/@aaronbeanforcongress9519,
Beatty,Joyce,Ohio,DEMOCRATIC,3,https://www.youtube.com/@JoyceBeatty,https://www.youtube.com/@BeattyforCongres2012
Bennet,Michael F.,Colorado,DEMOCRATIC,,https://www.youtube.com/@SenatorBennet,https://www.youtube.com/@MichaelBennet2020
Bentz,Cliff,Oregon,REPUBLICAN,2,https://www.youtube.com/@cliffbentz1742,https://www.youtube.com/@cliffbentzforcongress6881
Bera,Ami,California,DEMOCRATIC,6,https://www.youtube.com/@repamibera,https://www.youtube.com/@BeraForCongress
Bergman,Jack,Michigan,REPUBLICAN,1,https://www.youtube.com/@jackbergman5150,
Beyer,Donald S.,Virginia,DEMOCRATIC,8,https://www.youtube.com/@RepDonBeyer,https://www.youtube.com/@donbeyer6243
Bice,Stephanie I.,Oklahoma,REPUBLICAN,5,https://www.youtube.com/@rep.stephaniebice389,https://www.youtube.com/@votebiceforcongress9563
Biggs,Andy,Arizona,REPUBLICAN,5,https://www.youtube.com/@RepAndyBiggsAZ05,https://www.youtube.com/@andybiggs2257
Bilirakis,Gus M.,Florida,REPUBLICAN,12,https://www.youtube.com/@RepGusBilirakis,https://www.youtube.com/@gusbilirakis5123
Bishop,Dan,North Carolina,REPUBLICAN,8,https://www.youtube.com/@congressmandanbishopnc-0992,https://www.youtube.com/@danbishop7758
Bishop,Sanford D.,Georgia,DEMOCRATIC,2,https://www.youtube.com/@RepSanfordBishop,https://www.youtube.com/@sanfordbishopforcongress149
Blackburn,Marsha,Tennessee,REPUBLICAN,,https://www.youtube.com/@SenMarshaBlackburn,https://www.youtube.com/@MarshaBlackburnforUSSenate
Blumenauer,Earl,Oregon,DEMOCRATIC,3,https://www.youtube.com/@RepBlumenauerOR03,https://www.youtube.com/@earlblumenauer4226
Blumenthal,Richard,Connecticut,DEMOCRATIC,,https://www.youtube.com/@SenatorBlumenthal,https://www.youtube.com/@DickBlumenthal
Blunt Rochester,Lisa,Delaware,DEMOCRATIC,At Large,,https://www.youtube.com/@lisabluntrochesterforcongr9071
Blunt,Roy,Missouri,REPUBLICAN,,https://www.youtube.com/@SenatorBlunt,https://www.youtube.com/@royblunt1901
Boebert,Lauren,Colorado,REPUBLICAN,3,https://www.youtube.com/@laurenboebert6352,https://www.youtube.com/@laurenboebertforcongress1569
Bonamici,Suzanne,Oregon,DEMOCRATIC,1,https://www.youtube.com/@RepSuzanneBonamici,https://www.youtube.com/@suzannebonamici
Booker,Cory A.,New Jersey,DEMOCRATIC,,https://www.youtube.com/@senbooker,https://www.youtube.com/@CoryBooker
Boozman,John,Arkansas,REPUBLICAN,,https://www.youtube.com/@SenatorJohnBoozmanAR,https://www.youtube.com/@BoozmanforArkansas
Bost,Mike,Illinois,REPUBLICAN,12,https://www.youtube.com/@user-qn4kc4dg3i,https://www.youtube.com/@mikebost240
Bourdeaux,Carolyn,Georgia,DEMOCRATIC,7,https://www.youtube.com/@RepBourdeaux,https://www.youtube.com/@carolynbourdeaux9423
Bowman,Jamaal,New York,DEMOCRATIC,16,https://www.youtube.com/@congressmanjamaalbowman9971,https://www.youtube.com/@jamaalbowman5180
Boyle,Brendan F.,Pennsylvania,DEMOCRATIC,2,https://www.youtube.com/@u.s.congressmanbrendanboyl6698,https://www.youtube.com/@brendanboyle8697
Brady,Kevin,Texas,REPUBLICAN,8,https://www.youtube.com/@KBrady8,
Braun,Mike,Indiana,REPUBLICAN,,https://www.youtube.com/@SenatorBraun,https://www.youtube.com/@mikebraunforindiana2210
Brecheen,Josh,Oklahoma,REPUBLICAN,2,,https://www.youtube.com/@joshbrecheenforcongress14
Britt,Katie Boyd,Alabama,REPUBLICAN,,https://www.youtube.com/@senkatiebritt,https://www.youtube.com/@KatieBrittforAL
Brooks,Mo,Alabama,REPUBLICAN,5,https://www.youtube.com/@RepMoBrooks,https://www.youtube.com/@mobrooks4094
Brown,Anthony G.,Maryland,DEMOCRATIC,4,https://www.youtube.com/@RepAnthonyBrown,https://www.youtube.com/@AnthonyBrownMaryland
Brown,Sherrod,Ohio,DEMOCRATIC,,https://www.youtube.com/@SenSherrodBrown,https://www.youtube.com/@sherrodbrown8620
Brown,Shontel M.,Ohio,DEMOCRATIC,11,https://www.youtube.com/@rep.shontelbrown7912,https://www.youtube.com/@shontelbrownforcongress3337
Brownley,Julia,California,DEMOCRATIC,26,https://www.youtube.com/@RepBrownley,https://www.youtube.com/@juliabrownleyforcongress2551
Buchanan,Vern,Florida,REPUBLICAN,16,https://www.youtube.com/@VernBuchanan,
Buck,Ken,Colorado,REPUBLICAN,4,https://www.youtube.com/@RepKenBuck,https://www.youtube.com/@buckforco
Bucshon,Larry,Indiana,REPUBLICAN,8,https://www.youtube.com/@RepLarryBucshon,https://www.youtube.com/@larrybucshonbucshonforcong6859
Budd,Ted,North Carolina,REPUBLICAN,,https://www.youtube.com/@SenTedBudd,https://www.youtube.com/@tedbuddforsenate1362
Budzinski,Nikki,Illinois,DEMOCRATIC,13,https://www.youtube.com/@RepNikkiB,https://www.youtube.com/@nikkibudzinski7868
Burchett,Tim,Tennessee,REPUBLICAN,2,https://www.youtube.com/@congressmantimburchett2448,https://www.youtube.com/@burchettforcongress7919
Burgess,Michael C.,Texas,REPUBLICAN,26,https://www.youtube.com/@MichaelCBurgessMD,
Burlison,Eric,Missouri,REPUBLICAN,7,https://www.youtube.com/@RepEricBurlison,https://www.youtube.com/@EricBurlison
Burr,Richard,North Carolina,REPUBLICAN,,https://www.youtube.com/@SenatorRichardBurr,
Bush,Cori,Missouri,DEMOCRATIC,1,https://www.youtube.com/@CoriBushForCongress,
Bustos,Cheri,Illinois,DEMOCRATIC,17,https://www.youtube.com/@RepCheri,https://www.youtube.com/@BustosForCongress
Butterfield,G. K.,North Carolina,DEMOCRATIC,1,https://www.youtube.com/@GKBNC01,
Calvert,Ken,California,REPUBLICAN,41,https://www.youtube.com/@RepKenCalvert,https://www.youtube.com/@CalvertforCongress
Cammack,Kat,Florida,REPUBLICAN,3,https://www.youtube.com/@repkatcammack,https://www.youtube.com/@katforcongress3861
Cantwell,Maria,Washington,DEMOCRATIC,,https://www.youtube.com/@SenatorCantwell,
Capito,Shelley Moore,West Virginia,REPUBLICAN,,https://www.youtube.com/@senatorshelleymoorecapito4636,
Caraveo,Yadira,Colorado,DEMOCRATIC,8,https://www.youtube.com/@dr.yadiracaraveoforcongres1298,
Carbajal,Salud O.,California,DEMOCRATIC,24,https://www.youtube.com/@RepCarbajal,https://www.youtube.com/@carbajalforcongress9017
Cardin,Benjamin L.,Maryland,DEMOCRATIC,,https://www.youtube.com/@SenatorCardin,https://www.youtube.com/@bencardin2012
Carey,Mike,Ohio,REPUBLICAN,15,,https://www.youtube.com/@careyforcongress1131
Carl,Jerry L.,Alabama,REPUBLICAN,1,https://www.youtube.com/@u.s.representativejerrycar1371,https://www.youtube.com/@jerrycarl4575
Carper,Thomas R.,Delaware,DEMOCRATIC,,https://www.youtube.com/@SenatorCarper,https://www.youtube.com/@carperfordelaware
Carson,Andre,Indiana,DEMOCRATIC,7,https://www.youtube.com/@RepAndreCarson,
Carter,Earl L.,Georgia,REPUBLICAN,1,https://www.youtube.com/@CongressmanBuddyCarter,https://www.youtube.com/@buddycarter7939
Carter,John R.,Texas,REPUBLICAN,31,https://www.youtube.com/@RepJohnCarter,https://www.youtube.com/@carterforcongress2595
Carter,Troy,Louisiana,DEMOCRATIC,2,https://www.youtube.com/@congressmantroya.cartersr.2041,https://www.youtube.com/@troycarterforcongress6975
Cartwright,Matt,Pennsylvania,DEMOCRATIC,8,https://www.youtube.com/@RepMattCartwright,https://www.youtube.com/@Cartwright4PA
Casar,Greg,Texas,DEMOCRATIC,35,https://www.youtube.com/@repcasar,https://www.youtube.com/@gregcasar9534
Case,Ed,Hawaii,DEMOCRATIC,1,https://www.youtube.com/@RepEdCase,https://www.youtube.com/@edcasehawaii
Casey,Robert P.,Pennsylvania,DEMOCRATIC,,https://www.youtube.com/@SenatorBobCasey,https://www.youtube.com/@bobcaseyforsenate8409
Cassidy,Bill,Louisiana,REPUBLICAN,,https://www.youtube.com/@SenatorBillCassidy,https://www.youtube.com/@cassidypress563
Casten,Sean,Illinois,DEMOCRATIC,6,https://www.youtube.com/@seancasten9600,https://www.youtube.com/@seancasten2115
Castor,Kathy,Florida,DEMOCRATIC,14,https://www.youtube.com/@RepKathyCastor,https://www.youtube.com/@kathycastor4362
Castro,Joaquin,Texas,DEMOCRATIC,20,https://www.youtube.com/@JoaquinCastroTX,https://www.youtube.com/@CastroforCongress
Cawthorn,Madison,North Carolina,REPUBLICAN,11,https://www.youtube.com/@madisoncawthorn7729,
Chabot,Steve,Ohio,REPUBLICAN,1,https://www.youtube.com/@CongressmanSteveChabot,https://www.youtube.com/@ChabotforCongress
Chavez-DeRemer,Lori,Oregon,REPUBLICAN,5,https://www.youtube.com/@RepLCD,https://www.youtube.com/@lorichavez-deremer2250
Cheney,Liz,Wyoming,REPUBLICAN,At Large,https://www.youtube.com/@RepLizCheney,https://www.youtube.com/@CheneyForWyoming
Cherfilus-McCormick,Sheila,Florida,DEMOCRATIC,20,https://www.youtube.com/@congresswomanscm,https://www.youtube.com/@sheilacherfilus-mccormick6863
Chu,Judy,California,DEMOCRATIC,28,https://www.youtube.com/@RepJudyChu,https://www.youtube.com/@judychuforcongress
Cicilline,David N.,Rhode Island,DEMOCRATIC,1,https://www.youtube.com/@RepDavidCicilline,https://www.youtube.com/@davidcicilline
Ciscomani,Juan,Arizona,REPUBLICAN,6,https://www.youtube.com/@RepJuanCiscomani,https://www.youtube.com/@juanciscomani36
Clark,Katherine M.,Massachusetts,DEMOCRATIC,5,https://www.youtube.com/@KatherineClarkMA05,https://www.youtube.com/@kclarkcongress
Clarke,Yvette D.,New York,DEMOCRATIC,9,https://www.youtube.com/@congresswomanyvetted.clark3802,https://www.youtube.com/@congresswomanclarke2642
Cleaver,Emanuel,Missouri,DEMOCRATIC,5,https://www.youtube.com/@repcleaver,https://www.youtube.com/@emanuelcleaver1829
Cline,Ben,Virginia,REPUBLICAN,6,https://www.youtube.com/@benclineforcongress5862,
Cloud,Michael,Texas,REPUBLICAN,27,https://www.youtube.com/@RepCloudTX,https://www.youtube.com/@michaelcloudforcongress7714
Clyburn,James E.,South Carolina,DEMOCRATIC,6,https://www.youtube.com/@repjamesclyburn,
Clyde,Andrew S.,Georgia,REPUBLICAN,9,https://www.youtube.com/@rep.andrewclyde9899,https://www.youtube.com/@andrewclydeforcongress218
Cohen,Steve,Tennessee,DEMOCRATIC,9,https://www.youtube.com/@CohenForCongress2010,https://www.youtube.com/@stevecohen5866
Cole,Tom,Oklahoma,REPUBLICAN,4,https://www.youtube.com/@tomcoleok04,https://www.youtube.com/@tomcoleforcongress6086
Collins,Mike,Georgia,REPUBLICAN,10,https://www.youtube.com/@mikecollinsforcongress5332,https://www.youtube.com/@mikecollinsforcongress4334
Collins,Susan M.,Maine,REPUBLICAN,,https://www.youtube.com/@Collins4Senator,https://www.youtube.com/@senatorsusancollins4789
Comer,James,Kentucky,REPUBLICAN,1,https://www.youtube.com/@oversightandaccountability,https://www.youtube.com/@NationalPressClubLive
Connolly,Gerald E.,Virginia,DEMOCRATIC,11,https://www.youtube.com/@gerryconnollyforcongress2582,https://www.youtube.com/@RepConnolly
Conway,Connie,California,REPUBLICAN,22,https://www.youtube.com/channel/UCHTpZGnA5Nw7jkTiZs-emrA,https://www.youtube.com/@patsimonejr
Coons,Christopher A.,Delaware,DEMOCRATIC,,https://www.youtube.com/@senatorchriscoons,https://www.youtube.com/@senatorchriscoons7685
Cooper,Jim,Tennessee,DEMOCRATIC,5,https://www.youtube.com/@RepJimCooper,https://www.youtube.com/@jimcooperdesmockgov.7373
Cornyn,John,Texas,REPUBLICAN,,https://www.youtube.com/@SenJohnCornyn,https://www.youtube.com/@TexansForJohnCornyn
Correa,J. Luis,California,DEMOCRATIC,46,https://www.youtube.com/@mjmfoodie,https://www.youtube.com/@thecenterfororganizational6441
Cortez Masto,Catherine,Nevada,DEMOCRATIC,,https://www.youtube.com/@SenatorCortezMasto,https://www.youtube.com/@catherinecortezmasto1231
Costa,Jim,California,DEMOCRATIC,21,https://www.youtube.com/@RepJimCostaCA21,https://www.youtube.com/@jimcostaforcongress622
Cotton,Tom,Arkansas,REPUBLICAN,,https://www.youtube.com/@sentomcotton,https://www.youtube.com/@tomcotton
Courtney,Joe,Connecticut,DEMOCRATIC,2,https://www.youtube.com/@RepCourtneyCT2,https://www.youtube.com/@courtneyforcongress4945
Craig,Angie,Minnesota,DEMOCRATIC,2,https://www.youtube.com/@angiecraigforcongress747,https://www.youtube.com/@jeffettingerforcongress5734
Cramer,Kevin,North Dakota,REPUBLICAN,,https://www.youtube.com/@Senkevincramer,https://www.youtube.com/@kevincramer2012
Crane,Elijah,Arizona,REPUBLICAN,2,https://www.youtube.com/@funvids6472,https://www.youtube.com/@johnwaldman8108
Crapo,Mike,Idaho,REPUBLICAN,,https://www.youtube.com/@senatorcrapo,https://www.youtube.com/@SenateBankingGOP
Crawford,"Eric A. ""Rick""",Arkansas,REPUBLICAN,1,https://www.youtube.com/channel/UCBXXAiBsnetMro5yp05U36w,https://www.youtube.com/@TheBinder18
Crenshaw,Dan,Texas,REPUBLICAN,2,https://www.youtube.com/@dancrenshawforcongress1673,https://www.youtube.com/@RepDanCrenshaw
Crist,Charlie,Florida,DEMOCRATIC,13,https://www.youtube.com/@CharliecristforGov,https://www.youtube.com/@therealcharliecrist
Crockett,Jasmine,Texas,DEMOCRATIC,30,https://www.youtube.com/@JasmineForUS,https://www.youtube.com/@emmamcrae5341
Crow,Jason,Colorado,DEMOCRATIC,6,https://www.youtube.com/@jasoncrowforcongressco-6258,https://www.youtube.com/@rep.jasoncrow9550
Cruz,Ted,Texas,REPUBLICAN,,https://www.youtube.com/@SenTedCruz,https://www.youtube.com/@VerdictwithTedCruz
Cuellar,Henry,Texas,DEMOCRATIC,28,https://www.youtube.com/@henrycuellar,https://www.youtube.com/@texansforhenrycuellar1309
Curtis,John R.,Utah,REPUBLICAN,3,https://www.youtube.com/@curtisut,https://www.youtube.com/@RepJohnCurtis
Cárdenas,Tony,California,DEMOCRATIC,29,https://www.youtube.com/@GoCardenasTV,https://www.youtube.com/@repcardenas
D'Esposito,Anthony,New York,REPUBLICAN,4,https://www.youtube.com/@anthonydesposito3542,https://www.youtube.com/@TheMikeLiPetriShow
Daines,Steve,Montana,REPUBLICAN,,https://www.youtube.com/@SteveDainesMT,https://www.youtube.com/@westerncaucusfoundation6653
Davids,Sharice,Kansas,DEMOCRATIC,3,https://www.youtube.com/@shariceforcongress4171,https://www.youtube.com/@RepShariceDavids
Davidson,Warren,Ohio,REPUBLICAN,8,https://www.youtube.com/@warrendavidsonforcongress9716,https://www.youtube.com/@indivisibleoh8832
Davis,Danny K.,Illinois,DEMOCRATIC,7,https://www.youtube.com/@RepDannyKDavis,https://www.youtube.com/@dannykdavis7th426
Davis,Donald G.,North Carolina,DEMOCRATIC,1,https://www.youtube.com/@dondavisfornorthcarolina2443,https://www.youtube.com/@jonathanl.jacksonforcongre2064
Davis,Rodney,Illinois,REPUBLICAN,13,https://www.youtube.com/@RepRodneyDavis,https://www.youtube.com/@ElectRodney
De La Cruz,Monica,Texas,REPUBLICAN,15,https://www.youtube.com/@monicadelacruzforu.s.congr5521,https://www.youtube.com/@monicadelacruzforcongress1071
Dean,Madeleine,Pennsylvania,DEMOCRATIC,4,https://www.youtube.com/@madeleinedeanforunitedstat8634,
DeFazio,Peter A.,Oregon,DEMOCRATIC,4,https://www.youtube.com/@defazio4congress,https://www.youtube.com/@AndTheGoddessSpoke
DeGette,Diana,Colorado,DEMOCRATIC,1,https://www.youtube.com/@RepDianaDeGette,https://www.youtube.com/@dianadegetteforcongress4851
DeLauro,Rosa L.,Connecticut,DEMOCRATIC,3,https://www.youtube.com/@RosaDeLauro,https://www.youtube.com/@rosadelauroforcongress7372
DelBene,Suzan K.,Washington,DEMOCRATIC,1,https://www.youtube.com/@RepSuzanDelBene,https://www.youtube.com/@delbeneforcongress
Delgado,Antonio,New York,DEMOCRATIC,19,https://www.youtube.com/@repantoniodelgado,https://www.youtube.com/@antoniodelgado6635
Deluzio,Christopher R.,Pennsylvania,DEMOCRATIC,17,https://www.youtube.com/@chrisdeluzio9707,https://www.youtube.com/@chrisdeluzioforcongress9870
Demings,Val Butler,Florida,DEMOCRATIC,10,https://www.youtube.com/@valdemings2988,https://www.youtube.com/@representativevaldemings7397
DeSaulnier,Mark,California,DEMOCRATIC,10,https://www.youtube.com/@DeSaulnier4Congress,https://www.youtube.com/@jonathanuriarte1132
DesJarlais,Scott,Tennessee,REPUBLICAN,4,https://www.youtube.com/@ScottDesJarlaisTN04,https://www.youtube.com/@Stewart4TN
Deutch,Theodore E.,Florida,DEMOCRATIC,22,https://www.youtube.com/channel/UC8bUu1VQiCESd4jYXfesVwA,
Diaz-Balart,Mario,Florida,REPUBLICAN,26,https://www.youtube.com/@MarioDiazBalart,https://www.youtube.com/@MarioDBforCongress
Dingell,Debbie,Michigan,DEMOCRATIC,6,https://www.youtube.com/@RepDebbieDingell,https://www.youtube.com/@dipgadvocacygroup2581
Doggett,Lloyd,Texas,DEMOCRATIC,37,https://www.youtube.com/@replloyddoggett,https://www.youtube.com/@lloyddoggetttx4098
Donalds,Byron,Florida,REPUBLICAN,19,https://www.youtube.com/@ByronDonaldsforCongress,https://www.youtube.com/@congressmanbyrondonalds7524
Doyle,Michael F.,Pennsylvania,DEMOCRATIC,18,https://www.youtube.com/@Reading11850,https://www.youtube.com/@MMadiganForCongress
Duarte,John S.,California,REPUBLICAN,13,https://www.youtube.com/@johnduarteforcongress9167,https://www.youtube.com/@congressionalintegrity
Duckworth,Tammy,Illinois,DEMOCRATIC,,https://www.youtube.com/@TammyDuckworthforIllinois,https://www.youtube.com/@SenDuckworth
Duncan,Jeff,South Carolina,REPUBLICAN,3,https://www.youtube.com/@RepJeffDuncan,https://www.youtube.com/@jeffduncan9612
Dunn,Neal P.,Florida,REPUBLICAN,2,https://www.youtube.com/@nealdunnforcongress6782,https://www.youtube.com/@dr.nealdunn3403
Durbin,Richard J.,Illinois,DEMOCRATIC,,https://www.youtube.com/@SenatorDurbin,https://www.youtube.com/@americanlatvianassociation6781
Edwards,Chuck,North Carolina,REPUBLICAN,11,https://www.youtube.com/@chuckedwardsforcongress7699,https://www.youtube.com/@MrACharlesE
Ellzey,Jake,Texas,REPUBLICAN,6,https://www.youtube.com/@CommanderEllzey,https://www.youtube.com/@jakeellzey4803
Emmer,Tom,Minnesota,REPUBLICAN,6,https://www.youtube.com/@emmerforcongress1715,https://www.youtube.com/@reptomemmer
Ernst,Joni,Iowa,REPUBLICAN,,https://www.youtube.com/@senjoniernst,https://www.youtube.com/@kingforcongress
Escobar,Veronica,Texas,DEMOCRATIC,16,https://www.youtube.com/@repescobar,https://www.youtube.com/@VeronicaEscobarTX
Eshoo,Anna G.,California,DEMOCRATIC,16,https://www.youtube.com/@RepAnnaEshoo,https://www.youtube.com/@kevinmullinforcongress339
Espaillat,Adriano,New York,DEMOCRATIC,13,https://www.youtube.com/@RepEspaillat,https://www.youtube.com/@Adriano4Congress
Estes,Ron,Kansas,REPUBLICAN,4,https://www.youtube.com/@RepRonEstes,https://www.youtube.com/@RonEstesKansas
Evans,Dwight,Pennsylvania,DEMOCRATIC,3,https://www.youtube.com/@dwightevans2700,https://www.youtube.com/@congressmandwightevans5988
Ezell,Mike,Mississippi,REPUBLICAN,4,https://www.youtube.com/@mikeezellforcongress5846,https://www.youtube.com/@sunheraldbiloxi
Fallon,Pat,Texas,REPUBLICAN,4,https://www.youtube.com/@RepPatFallon,https://www.youtube.com/@patfallon9594
Feenstra,Randy,Iowa,REPUBLICAN,4,https://www.youtube.com/@randyfeenstra2323,https://www.youtube.com/@rep.randyfeenstra1831
Feinstein,Dianne,California,DEMOCRATIC,,https://www.youtube.com/@SenatorFeinstein,https://www.youtube.com/@KolHaolamNews
Ferguson,A. Drew,Georgia,REPUBLICAN,3,https://www.youtube.com/@RepDrewFerguson,https://www.youtube.com/@infofergusonforcongress2879
Fetterman,John,Pennsylvania,DEMOCRATIC,,https://www.youtube.com/@JohnfettermanPA,https://www.youtube.com/@DontWalkRUN
Finstad,Brad,Minnesota,REPUBLICAN,1,https://www.youtube.com/@repfinstad,
Fischbach,Michelle,Minnesota,REPUBLICAN,7,https://www.youtube.com/@RepFischbach,https://www.youtube.com/@fischbachmn7
Fischer,Deb,Nebraska,REPUBLICAN,,https://www.youtube.com/@SenatorDebFischer,https://www.youtube.com/@DonBaconforCongress
Fitzgerald,Scott,Wisconsin,REPUBLICAN,5,https://www.youtube.com/@congressmanscottfitzgerald2988,https://www.youtube.com/channel/UCIwnw465uViefv4kntXabKQ
Fitzpatrick,Brian K.,Pennsylvania,REPUBLICAN,1,https://www.youtube.com/@brianfitzpatrickforcongres7086,https://www.youtube.com/@brianfitzpatrickforcongres3644
Fleischmann,Charles J.,Tennessee,REPUBLICAN,3,https://www.youtube.com/@chuck4congress,https://www.youtube.com/@RepChuck
Fletcher,Lizzie,Texas,DEMOCRATIC,7,https://www.youtube.com/@lizziepannillfletcherforco9630,https://www.youtube.com/@RepFletcher
Flood,Mike,Nebraska,REPUBLICAN,1,https://www.youtube.com/@mikefloodforcongress5484,https://www.youtube.com/@Markdunecforcongress
Flores,Mayra,Texas,REPUBLICAN,34,https://www.youtube.com/@mayraflores7075,https://www.youtube.com/@repmayraflores
Fortenberry,Jeff,Nebraska,REPUBLICAN,1,https://www.youtube.com/@JeffFortenberry,https://www.youtube.com/@jefffortenberryforunitedst5934
Foster,Bill,Illinois,DEMOCRATIC,11,https://www.youtube.com/@RepBillFoster,https://www.youtube.com/@foster4congress
Foushee,Valerie P.,North Carolina,DEMOCRATIC,4,https://www.youtube.com/@DukeChronicle,https://www.youtube.com/@NCLBC
Foxx,Virginia,North Carolina,REPUBLICAN,5,https://www.youtube.com/@VirginiaFoxx,https://www.youtube.com/@RepVirginiaFoxx
Frankel,Lois,Florida,DEMOCRATIC,22,https://www.youtube.com/@RepLoisFrankel,https://www.youtube.com/@LoisFrankel1
Franklin,C. Scott,Florida,REPUBLICAN,18,https://www.youtube.com/@CLFSuperPAC,https://www.youtube.com/@franklin.c.joseph3495
Frost,Maxwell,Florida,DEMOCRATIC,10,https://www.youtube.com/@maxwellfrostforcongress170,https://www.youtube.com/@haleytaylorschlitz5393
Fry,Russell,South Carolina,REPUBLICAN,7,https://www.youtube.com/@russellfry7076,https://www.youtube.com/@TheMyrtleBeachSunNews
Fudge,Marcia L.,Ohio,DEMOCRATIC,11,https://www.youtube.com/@RepMarciaLFudge,https://www.youtube.com/@NCSHAvideos
Fulcher,Russ,Idaho,REPUBLICAN,1,https://www.youtube.com/@russfulcher4483,https://www.youtube.com/@RepRussFulcher
Gaetz,Matt,Florida,REPUBLICAN,1,https://www.youtube.com/@RepMattGaetz,https://www.youtube.com/@mattgaetzcampaign5638
Gallagher,Mike,Wisconsin,REPUBLICAN,8,https://www.youtube.com/@mikegallagher2182,https://www.youtube.com/@rep.mikegallagher3103
Gallego,Ruben,Arizona,DEMOCRATIC,3,https://www.youtube.com/@rubengallego6910,https://www.youtube.com/@joshbarnettforaz444
Garamendi,John,California,DEMOCRATIC,8,https://www.youtube.com/@repgaramendi,https://www.youtube.com/@JohnGaramendi
Garbarino,Andrew R.,New York,REPUBLICAN,2,https://www.youtube.com/@andrewgarbarinoforcongress9085,https://www.youtube.com/@rep.andrewgarbarino9275
Garcia,"Jesus G. ""Chuy""",Illinois,DEMOCRATIC,4,https://www.youtube.com/@chuyforcongress2001,https://www.youtube.com/@sspx7464
Garcia,Mike,California,REPUBLICAN,27,https://www.youtube.com/@mikegarciaforcongress4278,https://www.youtube.com/@CongressmanMikeGarcia
Garcia,Robert,California,DEMOCRATIC,42,https://www.youtube.com/@robertgarciaforcongress3278,https://www.youtube.com/@jzstrategies8025
Garcia,Sylvia R.,Texas,DEMOCRATIC,29,https://www.youtube.com/@RepSylviaGarcia,https://www.youtube.com/@sylviagarcia4540
Gibbs,Bob,Ohio,REPUBLICAN,7,https://www.youtube.com/@johngibbsforcongress9454,https://www.youtube.com/@officialgibbsforcongress3305
Gillibrand,Kirsten E.,New York,DEMOCRATIC,,https://www.youtube.com/@KirstenEGillibrand,https://www.youtube.com/@Gillibrand2008
Gimenez,Carlos A.,Florida,REPUBLICAN,28,https://www.youtube.com/@carlosgimenezforcongress2305,https://www.youtube.com/@repcarlosgimenez
Gohmert,Louie,Texas,REPUBLICAN,1,https://www.youtube.com/@GohmertTX01,https://www.youtube.com/@louiegohmert6836
Golden,Jared F.,Maine,DEMOCRATIC,2,https://www.youtube.com/@JaredGoldenforCongress,https://www.youtube.com/@congressmanjaredgolden9074
Goldman,Daniel S.,New York,DEMOCRATIC,10,https://www.youtube.com/channel/UCg3mideolBngx2OrqOtdMxQ,https://www.youtube.com/@danielakiva3858
Gomez,Jimmy,California,DEMOCRATIC,34,https://www.youtube.com/@jimmygomezforcongress3550,https://www.youtube.com/@RepJimmyGomez
Gonzales,Tony,Texas,REPUBLICAN,23,https://www.youtube.com/@congressmantonygonzales652,https://www.youtube.com/@teamtony4182
Gonzalez,Anthony,Ohio,REPUBLICAN,16,https://www.youtube.com/@RepAGonzalez,https://www.youtube.com/@congressmantonygonzales652
Gonzalez,Vicente,Texas,DEMOCRATIC,34,https://www.youtube.com/@u.s.congressmanvicentegonz996,https://www.youtube.com/@vicentegonzalezforu.s.cong4805
González-Colón,Jenniffer,Puerto Rico,REPUBLICAN,At Large,https://www.youtube.com/@RepJenniffer,https://www.youtube.com/@LynnCommunityHealthCenter
Good,Bob,Virginia,REPUBLICAN,5,https://www.youtube.com/@congressmanbobgood7773,https://www.youtube.com/@bobgoodforcongress8649
Gooden,Lance,Texas,REPUBLICAN,5,https://www.youtube.com/@CongressmanLanceGooden,https://www.youtube.com/@lancegoodenforcongress7936
Gosar,Paul A.,Arizona,REPUBLICAN,9,https://www.youtube.com/@repgosar,https://www.youtube.com/@Gosar4Congress
Gottheimer,Josh,New Jersey,DEMOCRATIC,5,https://www.youtube.com/@joshgottheimerforcongress1719,https://www.youtube.com/@joshgottheimerforcongress2617
Graham,Lindsey,South Carolina,REPUBLICAN,,https://www.youtube.com/@USSenLindseyGraham,https://www.youtube.com/@lindseygrahamsc
Granger,Kay,Texas,REPUBLICAN,12,https://www.youtube.com/@RepKayGranger,https://www.youtube.com/@kaygranger8536
Grassley,Chuck,Iowa,REPUBLICAN,,https://www.youtube.com/@SenChuckGrassley,https://www.youtube.com/@GrassleyWorks
Graves,Garret,Louisiana,REPUBLICAN,6,https://www.youtube.com/@repgarretgraves,https://www.youtube.com/@PoliticalFirmBr
Graves,Sam,Missouri,REPUBLICAN,6,https://www.youtube.com/@congressmansamgraves7291,https://www.youtube.com/@samgravesforcongress1331
Green,Al,Texas,DEMOCRATIC,9,https://www.youtube.com/@RepAlGreen,https://www.youtube.com/@marcusflowersforcongress5238
Green,Mark E.,Tennessee,REPUBLICAN,7,https://www.youtube.com/@rep.markgreen,https://www.youtube.com/@markgreenforcongress2941
Greene,Marjorie Taylor,Georgia,REPUBLICAN,14,https://www.youtube.com/@marjorietaylorgreeneforcon1580,https://www.youtube.com/@RepMTG
Griffith,H. Morgan,Virginia,REPUBLICAN,9,https://www.youtube.com/@RepMorganGriffith,https://www.youtube.com/@ThomasAfterhours
Grijalva,Raúl M.,Arizona,DEMOCRATIC,7,https://www.youtube.com/@PeopleForGrijalva,https://www.youtube.com/@luispozzoloforcongress6918
Grothman,Glenn,Wisconsin,REPUBLICAN,6,https://www.youtube.com/@repglenngrothman,https://www.youtube.com/@Glenngrothmanforcongress
Guest,Michael,Mississippi,REPUBLICAN,3,https://www.youtube.com/@michaelguestforcongress9736,https://www.youtube.com/@congressmanmichaelguest4943
Guthrie,Brett,Kentucky,REPUBLICAN,2,https://www.youtube.com/@brettguthrie8517,https://www.youtube.com/@BrettGuthrie
Haaland,Debra A.,New Mexico,DEMOCRATIC,1,https://www.youtube.com/@debhaaland8614,https://www.youtube.com/@repdebhaaland
Hagedorn,Jim,Minnesota,REPUBLICAN,1,https://www.youtube.com/@HagedornforCongress,https://www.youtube.com/@danfeehanforcongress2984
Hageman,Harriet M.,Wyoming,REPUBLICAN,At Large,https://www.youtube.com/@hagemanforwyoming874,https://www.youtube.com/@CosmoSeventeen
Hagerty,Bill,Tennessee,REPUBLICAN,,https://www.youtube.com/@billhagertytn3403,https://www.youtube.com/@SenatorBillHagerty
Harder,Josh,California,DEMOCRATIC,9,https://www.youtube.com/@harderforcongress4312,https://www.youtube.com/@JakeBroe
Harris,Andy,Maryland,REPUBLICAN,1,https://www.youtube.com/@RepAndyHarris,https://www.youtube.com/@andyharris8837
Harris,Kamala D.,California,DEMOCRATIC,,https://www.youtube.com/@NcaiOrg1944,https://www.youtube.com/@bidenharristv3889
Harshbarger,Diana,Tennessee,REPUBLICAN,1,https://www.youtube.com/@dianaharshbarger4672,https://www.youtube.com/@rep.dianaharshbarger5584
Hartzler,Vicky,Missouri,REPUBLICAN,4,https://www.youtube.com/@RepVickyHartzler,https://www.youtube.com/@vickyhartzlerforsenate7666
Hassan,Margaret Wood,New Hampshire,DEMOCRATIC,,https://www.youtube.com/@SenatorHassan,https://www.youtube.com/@MaggieHassan
Hastings,Alcee L.,Florida,DEMOCRATIC,20,https://www.youtube.com/@RepAlceeHastings,https://www.youtube.com/@alceehastings9647
Hawley,Josh,Missouri,REPUBLICAN,,https://www.youtube.com/@SenatorJoshHawley,https://www.youtube.com/@joshhawley5457
Hayes,Jahana,Connecticut,DEMOCRATIC,5,https://www.youtube.com/@friendsofjahanahayes4787,https://www.youtube.com/@anewpromisect2843
Heinrich,Martin,New Mexico,DEMOCRATIC,,https://www.youtube.com/@SenMartinHeinrich,https://www.youtube.com/@darkgamer86
Hern,Kevin,Oklahoma,REPUBLICAN,1,https://www.youtube.com/@repkevinhern,https://www.youtube.com/@kevinhern8727
Herrell,Yvette,New Mexico,REPUBLICAN,2,https://www.youtube.com/@yvetteherrell2774,https://www.youtube.com/@rep.yvetteherrell8591
Herrera Beutler,Jaime,Washington,REPUBLICAN,3,https://www.youtube.com/@jaimeherrerabeutler5104,https://www.youtube.com/@jaimeherrerabeutler7900
Hice,Jody B.,Georgia,REPUBLICAN,10,https://www.youtube.com/@RepJodyHice,https://www.youtube.com/@jodyhice
Hickenlooper,John W.,Colorado,DEMOCRATIC,,https://www.youtube.com/@waterforcolorado4810,https://www.youtube.com/@BobBeauprez
Higgins,Brian,New York,DEMOCRATIC,26,https://www.youtube.com/@CongressmanHiggins,https://www.youtube.com/@CongressmanClayHiggins
Higgins,Clay,Louisiana,REPUBLICAN,3,https://www.youtube.com/@CongressmanClayHiggins,https://www.youtube.com/@captainhigginsforcongress710
Hill,J. French,Arkansas,REPUBLICAN,2,https://www.youtube.com/@CJGrishamLaw,https://www.youtube.com/@EdWorkforceDemocrats
Himes,James A.,Connecticut,DEMOCRATIC,4,https://www.youtube.com/@RepJimHimes,https://www.youtube.com/@HimesForCongress
Hinson,Ashley,Iowa,REPUBLICAN,2,https://www.youtube.com/@ashleyhinson903,https://www.youtube.com/@congresswomanashleyhinson2437
Hirono,Mazie K.,Hawaii,DEMOCRATIC,,https://www.youtube.com/@senatorhirono,https://www.youtube.com/@EastWestCenter
Hoeven,John,North Dakota,REPUBLICAN,,https://www.youtube.com/@SenatorJohnHoeven,https://www.youtube.com/@SenateIndianAffairs
Hollingsworth,Trey,Indiana,REPUBLICAN,9,https://www.youtube.com/@representativetreyhollings7557,https://www.youtube.com/@treyhollingsworth4839
Horsford,Steven,Nevada,DEMOCRATIC,4,https://www.youtube.com/@congressmanstevenhorsford1450,https://www.youtube.com/@rephorsford
Houchin,Erin,Indiana,REPUBLICAN,9,https://www.youtube.com/@erinhouchinforcongress201,https://www.youtube.com/@houchinforcongress6789
Houlahan,Chrissy,Pennsylvania,DEMOCRATIC,6,https://www.youtube.com/@chrissyhoulahanforcongress871,https://www.youtube.com/@rephoulahan
Hoyer,Steny H.,Maryland,DEMOCRATIC,5,https://www.youtube.com/@whiphoyer,https://www.youtube.com/@danabalterforcongress5205
Hoyle,Val T.,Oregon,DEMOCRATIC,4,https://www.youtube.com/@valhoylefororegon315,https://www.youtube.com/@oregonbuildingtrades
Hudson,Richard,North Carolina,REPUBLICAN,9,https://www.youtube.com/@reprichhudson,https://www.youtube.com/@hudsonforcongress
Huffman,Jared,California,DEMOCRATIC,2,https://www.youtube.com/@RepHuffman,https://www.youtube.com/@huffmanforcongress795
Huizenga,Bill,Michigan,REPUBLICAN,4,https://www.youtube.com/@billhuizenga,https://www.youtube.com/@billhuizenga4683
Hunt,Wesley,Texas,REPUBLICAN,38,https://www.youtube.com/@WesleyHuntforCongress,https://www.youtube.com/@repwesleyhunt
Hyde-Smith,Cindy,Mississippi,REPUBLICAN,,https://www.youtube.com/@u.s.senatorcindyhyde-smith5918,https://www.youtube.com/@cindyhyde-smith5625
Inhofe,James M.,Oklahoma,REPUBLICAN,,https://www.youtube.com/@JimInhofePressOffice,https://www.youtube.com/@abbybroylesforcongress7981
Issa,Darrell E.,California,REPUBLICAN,48,https://www.youtube.com/@RepDarrellIssa,https://www.youtube.com/@congressmandarrellissa3810
Ivey,Glenn,Maryland,DEMOCRATIC,4,https://www.youtube.com/@glennivey1732,https://www.youtube.com/@AIPACPC
Jackson Lee,Sheila,Texas,DEMOCRATIC,18,https://www.youtube.com/@RepJacksonLee,https://www.youtube.com/@sheilajacksonlee8841
Jackson,Jeff,North Carolina,DEMOCRATIC,14,https://www.youtube.com/@JeffJacksonNC,https://www.youtube.com/@jeffjacksonforcongress8545
Jackson,Jonathan L.,Illinois,DEMOCRATIC,1,https://www.youtube.com/@jonathanl.jacksonforcongre2064,https://www.youtube.com/@ericcarlsonforcongress2118
Jackson,Ronny,Texas,REPUBLICAN,13,https://www.youtube.com/@rep.ronnyjackson7846,https://www.youtube.com/@ronnyjackson5650
Jacobs,Chris,New York,REPUBLICAN,27,https://www.youtube.com/@chrisjacobs4congress563,https://www.youtube.com/@BlueAmerica
Jacobs,Sara,California,DEMOCRATIC,51,https://www.youtube.com/@repsarajacobs,https://www.youtube.com/@sarajacobs6821
James,John,Michigan,REPUBLICAN,10,https://www.youtube.com/@JohnJamesMI,https://www.youtube.com/@JohnJamesStudios
Jayapal,Pramila,Washington,DEMOCRATIC,7,https://www.youtube.com/@pramilaforcongress3442,https://www.youtube.com/@RepJayapal
Jeffries,Hakeem S.,New York,DEMOCRATIC,8,https://www.youtube.com/@RepJeffries,https://www.youtube.com/@HakeemJeffries
Johnson,Bill,Ohio,REPUBLICAN,6,https://www.youtube.com/@RepBillJohnson,https://www.youtube.com/@JudiciaryDems
Johnson,Dusty,South Dakota,REPUBLICAN,At Large,https://www.youtube.com/@dustyforcongress8826,https://www.youtube.com/@rep.dustyjohnson9149
Johnson,Eddie Bernice,Texas,DEMOCRATIC,30,https://www.youtube.com/@RepEddieBJohnson,https://www.youtube.com/@RepHankJohnson
Johnson,"Henry C. ""Hank,"" Jr.",Georgia,DEMOCRATIC,4,https://www.youtube.com/@RepHankJohnson,https://www.youtube.com/@davidjohnsonhenry6014
Johnson,Mike,Louisiana,REPUBLICAN,4,https://www.youtube.com/@RepMikeJohnson,https://www.youtube.com/@rep.mikejohnson5421
Johnson,Ron,Wisconsin,REPUBLICAN,,https://www.youtube.com/@SenatorRonJohnson,https://www.youtube.com/@ronjohnson1876
Jones,Mondaire,New York,DEMOCRATIC,17,https://www.youtube.com/@RepMondaire,https://www.youtube.com/@grandstreetdemocrats6743
Jordan,Jim,Ohio,REPUBLICAN,4,https://www.youtube.com/@RepJimJordan,https://www.youtube.com/@jimjordanforcongress8602
Joyce,David P.,Ohio,REPUBLICAN,14,https://www.youtube.com/@RepDaveJoyce,https://www.youtube.com/@davejoyce5540
Joyce,John,Pennsylvania,REPUBLICAN,13,https://www.youtube.com/@johnjoyceforcongress9342,https://www.youtube.com/@RepJohnJoyce
Kahele,Kaiali'i,Hawaii,DEMOCRATIC,2,https://www.youtube.com/@repkahele,https://www.youtube.com/@kaikahele1079
Kaine,Tim,Virginia,DEMOCRATIC,,https://www.youtube.com/@SenatorKaine,https://www.youtube.com/@timkaine4524
Kamlager-Dove,Sydney,California,DEMOCRATIC,37,https://www.youtube.com/@lasentinelnews,
Kaptur,Marcy,Ohio,DEMOCRATIC,9,https://www.youtube.com/@marcykapturforcongress5276,https://www.youtube.com/@USRepMarcyKaptur
Katko,John,New York,REPUBLICAN,24,https://www.youtube.com/@johnkatkoforcongress5735,https://www.youtube.com/@johnkatkoforcongress9872
Kean,Thomas H.,New Jersey,REPUBLICAN,7,https://www.youtube.com/@TomKean,https://www.youtube.com/@TomMalinowskiNJ7
Keating,William R.,Massachusetts,DEMOCRATIC,9,https://www.youtube.com/@RepBillKeating,https://www.youtube.com/@VoteBillKeating
Keller,Fred,Pennsylvania,REPUBLICAN,12,https://www.youtube.com/@fredkeller3070,https://www.youtube.com/@rockstargop
Kelly,Mark,Arizona,DEMOCRATIC,,https://www.youtube.com/@CaptMarkKelly,https://www.youtube.com/@jenniferwextonforcongress6781
Kelly,Mike,Pennsylvania,REPUBLICAN,16,https://www.youtube.com/@RepMikeKelly,https://www.youtube.com/@MikeKellyforPA3
Kelly,Robin L.,Illinois,DEMOCRATIC,2,https://www.youtube.com/@robinkelly4667,https://www.youtube.com/@friendsofrobinkelly
Kelly,Trent,Mississippi,REPUBLICAN,1,https://www.youtube.com/@rep.trentkelly9287,https://www.youtube.com/@YallPolitics
Kennedy,John,Louisiana,REPUBLICAN,,https://www.youtube.com/@SenatorJohnKennedy,https://www.youtube.com/@johnkennedy6053
Khanna,Ro,California,DEMOCRATIC,17,https://www.youtube.com/@RepRoKhanna,https://www.youtube.com/@rokhannacampaign5089
Kiggans,Jennifer A,Virginia,REPUBLICAN,2,https://www.youtube.com/@jenkiggansforcongress7411,https://www.youtube.com/@repjenkiggans
Kildee,Daniel T.,Michigan,DEMOCRATIC,8,https://www.youtube.com/@CongressmanDanKildee,https://www.youtube.com/@friendsofdankildee2126
Kiley,Kevin,California,REPUBLICAN,3,https://www.youtube.com/@kevinkiley5196,https://www.youtube.com/@kevinkileyca4statesenate215
Kilmer,Derek,Washington,DEMOCRATIC,6,https://www.youtube.com/@RepDerekKilmer,https://www.youtube.com/@elizabethforcongress5543
Kim,Andy,New Jersey,DEMOCRATIC,3,https://www.youtube.com/@AndyKimForCongress,https://www.youtube.com/@repandykimnj
Kim,Young,California,REPUBLICAN,40,https://www.youtube.com/@RepYoungKim,https://www.youtube.com/@youngkimforcongress6358
Kind,Ron,Wisconsin,DEMOCRATIC,3,https://www.youtube.com/@RepRonKind,https://www.youtube.com/@DeSantis4Congress
King,Angus S.,Maine,INDEPENDENT,,https://www.youtube.com/@senatorangusking,https://www.youtube.com/@JaredGoldenforCongress
Kinzinger,Adam,Illinois,REPUBLICAN,16,https://www.youtube.com/@RepAdamKinzinger,https://www.youtube.com/@RepLabrador
Kirkpatrick,Ann,Arizona,DEMOCRATIC,2,https://www.youtube.com/@KirkpatrickforCongress,https://www.youtube.com/@congresswomanannkirkpatric4466
Klobuchar,Amy,Minnesota,DEMOCRATIC,,https://www.youtube.com/@amyforamerica,https://www.youtube.com/@MNMuseTube
Krishnamoorthi,Raja,Illinois,DEMOCRATIC,8,https://www.youtube.com/@CongressmanRaja,https://www.youtube.com/@rajaforcongress1306
Kuster,Ann M.,New Hampshire,DEMOCRATIC,2,https://www.youtube.com/@RepKuster,https://www.youtube.com/@AnnMcLaneKuster
Kustoff,David,Tennessee,REPUBLICAN,8,https://www.youtube.com/@congressmandavidkustoff9463,https://www.youtube.com/@davidkustoff4298
LaHood,Darin,Illinois,REPUBLICAN,16,https://www.youtube.com/@rep.darinlahood9427,https://www.youtube.com/@darinlahood4035
LaLota,Nick,New York,REPUBLICAN,1,https://www.youtube.com/@RepLaLota,https://www.youtube.com/@teamlalota
LaMalfa,Doug,California,REPUBLICAN,1,https://www.youtube.com/@douglamalfaforcongress7625,https://www.youtube.com/@RepLaMalfa
Lamb,Conor,Pennsylvania,DEMOCRATIC,17,https://www.youtube.com/@conorlamb1309,https://www.youtube.com/@rep.conorlamb9663
Lamborn,Doug,Colorado,REPUBLICAN,5,https://www.youtube.com/@CongressmanLamborn,https://www.youtube.com/@douglamborn9590
Landsman,Greg,Ohio,DEMOCRATIC,1,https://www.youtube.com/@CLFSuperPAC,https://www.youtube.com/@4THDTV
Langevin,James R.,Rhode Island,DEMOCRATIC,2,https://www.youtube.com/@jimlangevin,https://www.youtube.com/@Langevin4Congress
Langworthy,Nicholas A.,New York,REPUBLICAN,23,https://www.youtube.com/@paladinoforcongress1625,https://www.youtube.com/@NYGOP1
Lankford,James,Oklahoma,REPUBLICAN,,https://www.youtube.com/@SenatorLankford,https://www.youtube.com/@jameslankford8472
Larsen,Rick,Washington,DEMOCRATIC,2,https://www.youtube.com/@CongressmanLarsen,https://www.youtube.com/@ricklarsen3734
Larson,John B.,Connecticut,DEMOCRATIC,1,https://www.youtube.com/@RepJohnLarson,https://www.youtube.com/@HeidiStJohnForCongress
Latta,Robert E.,Ohio,REPUBLICAN,5,https://www.youtube.com/@CongressmanBobLatta,https://www.youtube.com/@Latta4Congress
LaTurner,Jake,Kansas,REPUBLICAN,2,https://www.youtube.com/@RepLaTurner,https://www.youtube.com/@jakelaturner3517
Lawler,Michael,New York,REPUBLICAN,17,https://www.youtube.com/@mikelawlerforcongress9041,https://www.youtube.com/@halstonmediaproductions6002
Lawrence,Brenda L.,Michigan,DEMOCRATIC,14,https://www.youtube.com/@congresswomanbrendalawrenc5301,https://www.youtube.com/@BrendaLawrence4MI14
Lawson,Al,Florida,DEMOCRATIC,5,https://www.youtube.com/@allawsonforcongress6455,https://www.youtube.com/@allawson4congress413
Leahy,Patrick J.,Vermont,DEMOCRATIC,,https://www.youtube.com/@SenatorPatrickLeahy,https://www.youtube.com/@SenChuckGrassley
Lee,Barbara,California,DEMOCRATIC,12,https://www.youtube.com/@RepLee,https://www.youtube.com/@barbaraleeforcongress8640
Lee,Laurel M.,Florida,REPUBLICAN,15,https://www.youtube.com/@YoungLohtx,https://www.youtube.com/@RepJacksonLee
Lee,Mike,Utah,REPUBLICAN,,https://www.youtube.com/@senatormikelee,https://www.youtube.com/@mwesch
Lee,Summer L.,Pennsylvania,DEMOCRATIC,12,https://www.youtube.com/@ZeldinForCongress,https://www.youtube.com/@westendp.o.w.e.r_terrimino6426
Lee,Susie,Nevada,DEMOCRATIC,3,https://www.youtube.com/@susieleeforcongress3874,https://www.youtube.com/@RepSusieLee
Leger Fernandez,Teresa,New Mexico,DEMOCRATIC,3,https://www.youtube.com/@teresalegerfernandez2134,https://www.youtube.com/@rep.teresalegerfernandez8059
Lesko,Debbie,Arizona,REPUBLICAN,8,https://www.youtube.com/@debbieleskoforcongress4830,https://www.youtube.com/@replesko
Letlow,Julia,Louisiana,REPUBLICAN,5,https://www.youtube.com/@julialetlowforcongress7868,https://www.youtube.com/@RepJuliaLetlow
Levin,Andy,Michigan,DEMOCRATIC,9,https://www.youtube.com/@andylevinforcongresscampai1397,https://www.youtube.com/@RepAndyLevin
Levin,Mike,California,DEMOCRATIC,49,https://www.youtube.com/@mikelevinca49,https://www.youtube.com/@mikelevin7288
Lieu,Ted,California,DEMOCRATIC,36,https://www.youtube.com/@RepTedLieu,https://www.youtube.com/@tedlieuforcongress8072
Loeffler,Kelly,Georgia,REPUBLICAN,,https://www.youtube.com/@kellyloeffler8567,https://www.youtube.com/@leagueofelections7339
Lofgren,Zoe,California,DEMOCRATIC,18,https://www.youtube.com/@RepZoeLofgren,https://www.youtube.com/@zoelofgrenforcongress3308
Long,Billy,Missouri,REPUBLICAN,7,https://www.youtube.com/@MOdistrict7,https://www.youtube.com/@billylongforsenate6543
Loudermilk,Barry,Georgia,REPUBLICAN,11,https://www.youtube.com/@rep.barryloudermilk2718,https://www.youtube.com/@standwithbarry7043
Lowenthal,Alan S.,California,DEMOCRATIC,47,https://www.youtube.com/@RepLowenthal,https://www.youtube.com/@AlanLowenthal2012
Lucas,Frank D.,Oklahoma,REPUBLICAN,3,https://www.youtube.com/@repfranklucas,https://www.youtube.com/@franklucas7967
Luetkemeyer,Blaine,Missouri,REPUBLICAN,3,https://www.youtube.com/@BLuetkemeyer,https://www.youtube.com/@dustinhill4congress219
Lujan,Ben Ray,New Mexico,DEMOCRATIC,,https://www.youtube.com/@benrlujan,https://www.youtube.com/@onetribute5460
Lummis,Cynthia M.,Wyoming,REPUBLICAN,,https://www.youtube.com/@SenatorCynthiaLummis,https://www.youtube.com/@cynthialummis73
Luna,Anna Paulina,Florida,REPUBLICAN,13,https://www.youtube.com/@AnnaPaulinaLunaforCongress,https://www.youtube.com/@annapaulinalunaforcongress9678
Luria,Elaine G.,Virginia,DEMOCRATIC,2,https://www.youtube.com/@teamelaine8955,https://www.youtube.com/@congresswomanelaineluria5121
Luttrell,Morgan,Texas,REPUBLICAN,8,https://www.youtube.com/@congressmanLuttrell,https://www.youtube.com/@theTallyMan
Lynch,Stephen F.,Massachusetts,DEMOCRATIC,8,https://www.youtube.com/@RepLynch,https://www.youtube.com/@slynchforcongress
Mace,Nancy,South Carolina,REPUBLICAN,1,https://www.youtube.com/@RepNancyMace,https://www.youtube.com/@nancymace8521
Magaziner,Seth,Rhode Island,DEMOCRATIC,2,https://www.youtube.com/@SethMagazinerRI,https://www.youtube.com/@BusinessConnect_Magazine
Malinowski,Tom,New Jersey,DEMOCRATIC,7,https://www.youtube.com/@TomMalinowskiNJ7,https://www.youtube.com/@TomKean
Malliotakis,Nicole,New York,REPUBLICAN,11,https://www.youtube.com/@congresswomannicolemalliot8163,https://www.youtube.com/@NicoleMalliotakis
Maloney,Carolyn B.,New York,DEMOCRATIC,12,https://www.youtube.com/@MaloneyForCongress,https://www.youtube.com/@thecongressreport179
Maloney,Sean Patrick,New York,DEMOCRATIC,18,https://www.youtube.com/@seanpatrickmaloneyforcongr404,https://www.youtube.com/@spmaloneyforcongress
Manchin,Joe,West Virginia,DEMOCRATIC,,https://www.youtube.com/@SenatorJoeManchin,https://www.youtube.com/@SenateEnergy
Mann,Tracey,Kansas,REPUBLICAN,1,https://www.youtube.com/@rep.traceymann167,https://www.youtube.com/@mannforcongress
Manning,Kathy E.,North Carolina,DEMOCRATIC,6,https://www.youtube.com/@congresswomankathymanning7874,https://www.youtube.com/@kathymanning9294
Markey,Edward J.,Massachusetts,DEMOCRATIC,,https://www.youtube.com/@senatormarkey,https://www.youtube.com/@markeypress
Marshall,Roger,Kansas,REPUBLICAN,,https://www.youtube.com/@senatormarshall1834,https://www.youtube.com/@kansansformarshall4254
Massie,Thomas,Kentucky,REPUBLICAN,4,https://www.youtube.com/@RepThomasMassie,https://www.youtube.com/@thomasmassieforcongress2626
Mast,Brian J.,Florida,REPUBLICAN,21,https://www.youtube.com/@RepBrianMast,https://www.youtube.com/@BrianMastFL
Matsui,Doris O.,California,DEMOCRATIC,7,https://www.youtube.com/@SacramentoforDoris,https://www.youtube.com/@armyofOne0001
McBath,Lucy,Georgia,DEMOCRATIC,7,https://www.youtube.com/@lucymcbathforcongress5844,https://www.youtube.com/@replucymcbath
McCarthy,Kevin,California,REPUBLICAN,20,https://www.youtube.com/@SpeakerMcCarthy,https://www.youtube.com/@KevinMcCarthy
McCaul,Michael T.,Texas,REPUBLICAN,10,https://www.youtube.com/@MichaelTMcCaul,https://www.youtube.com/@mccaulforcongress8968
McClain,Lisa C.,Michigan,REPUBLICAN,9,https://www.youtube.com/@lisamcclain5179,https://www.youtube.com/@RepLisaMcClain
McClintock,Tom,California,REPUBLICAN,5,https://www.youtube.com/@McClintockCA05,https://www.youtube.com/@votemcclintock
McCollum,Betty,Minnesota,DEMOCRATIC,4,https://www.youtube.com/@bettymccollumforcongress534,https://www.youtube.com/@BMcCollum04
McConnell,Mitch,Kentucky,REPUBLICAN,,https://www.youtube.com/@RepublicanLeader,https://www.youtube.com/@teammitch
McCormick,Richard,Georgia,REPUBLICAN,6,https://www.youtube.com/@drrichmccormick,https://www.youtube.com/@markgonsalvesforcongress4655
McEachin,A. Donald,Virginia,DEMOCRATIC,4,https://www.youtube.com/@congressmandonaldmceachin8067,https://www.youtube.com/@donaldmceachin5926
McGarvey,Morgan,Kentucky,DEMOCRATIC,3,https://www.youtube.com/@morganmcgarvey7686,https://www.youtube.com/@kysenatedems
McGovern,James P.,Massachusetts,DEMOCRATIC,2,https://www.youtube.com/@jimmcgovernforcongress1380,https://www.youtube.com/@CongressmanJimMcGovern
McHenry,Patrick T.,North Carolina,REPUBLICAN,10,https://www.youtube.com/@CongressmanMcHenry,https://www.youtube.com/@sigmonforcongress
McKinley,David B.,West Virginia,REPUBLICAN,1,https://www.youtube.com/@mckinleyforcongress1049,https://www.youtube.com/@RepDavidMcKinley
McMorris Rodgers,Cathy,Washington,REPUBLICAN,5,https://www.youtube.com/@CathyforCongress,https://www.youtube.com/@McMorrisRodgers
McNerney,Jerry,California,DEMOCRATIC,9,https://www.youtube.com/@RepJerryMcNerney,https://www.youtube.com/@repjerrymcnerney4467
Meeks,Gregory W.,New York,DEMOCRATIC,5,https://www.youtube.com/@repgregorymeeks,https://www.youtube.com/@MeeksforCongress2012
Meijer,Peter,Michigan,REPUBLICAN,3,https://www.youtube.com/@VoteMeijer,https://www.youtube.com/@usglc
Menendez,Robert,New Jersey,DEMOCRATIC,8,https://www.youtube.com/@SenatorMenendez,https://www.youtube.com/@menendezfornj6458
Menendez,Robert,New Jersey,DEMOCRATIC,,https://www.youtube.com/@SenatorMenendez,https://www.youtube.com/@menendezfornj6458
Meng,Grace,New York,DEMOCRATIC,6,https://www.youtube.com/@repgracemeng,https://www.youtube.com/@gracemeng8336
Merkley,Jeff,Oregon,DEMOCRATIC,,https://www.youtube.com/@SenatorJeffMerkleyYT,https://www.youtube.com/@JeffMerkleyForOregon
Meuser,Daniel,Pennsylvania,REPUBLICAN,9,https://www.youtube.com/@RepMeuser,https://www.youtube.com/@danmeuser618
Mfume,Kweisi,Maryland,DEMOCRATIC,7,https://www.youtube.com/@repkweisimfume8242,https://www.youtube.com/@mfumeforcongress5417
Miller,Carol D.,West Virginia,REPUBLICAN,1,https://www.youtube.com/@carolforcongress3741,https://www.youtube.com/@repcarolmiller
Miller,Mary E.,Illinois,REPUBLICAN,15,https://www.youtube.com/@marymiller8118,https://www.youtube.com/@marymiller6299
Miller,Max L.,Ohio,REPUBLICAN,7,https://www.youtube.com/@maxmillerohio,https://www.youtube.com/@diemerforcongress1109
Miller-Meeks,Mariannette,Iowa,REPUBLICAN,1,https://www.youtube.com/@congresswomanmariannettemi4916,https://www.youtube.com/@mariannettemiller-meeks7222
Mills,Cory,Florida,REPUBLICAN,7,https://www.youtube.com/@corymills39,https://www.youtube.com/@rimmpodcast5004
Molinaro,Marcus J.,New York,REPUBLICAN,19,https://www.youtube.com/@marcmolinaroforcongress2759,https://www.youtube.com/@marcmolinaroforgovernor5622
Moolenaar,John R.,Michigan,REPUBLICAN,2,https://www.youtube.com/@rep.johnmoolenaar3511,https://www.youtube.com/@johnmoolenaarforcongress2531
Mooney,Alexander X.,West Virginia,REPUBLICAN,2,https://www.youtube.com/@mooneyforsenate,https://www.youtube.com/@blackamericaspac9562
Moore,Barry,Alabama,REPUBLICAN,2,https://www.youtube.com/@barrymoore-republicanforco8896,https://www.youtube.com/@barrymoore4638
Moore,Blake D.,Utah,REPUBLICAN,1,https://www.youtube.com/@blakemooreforcongress3654,https://www.youtube.com/@RepBlakeMoore
Moore,Gwen,Wisconsin,DEMOCRATIC,4,https://www.youtube.com/@RepGwenMoore,https://www.youtube.com/@gwenmoore4congress
Moran,Jerry,Kansas,REPUBLICAN,,https://www.youtube.com/@SenatorJerryMoran,https://www.youtube.com/@MoranforKs
Moran,Nathaniel,Texas,REPUBLICAN,1,https://www.youtube.com/@nathanielmoranforcongress5538,
Morelle,Joseph D.,New York,DEMOCRATIC,25,https://www.youtube.com/@rep.joemorelle2615,
Moskowitz,Jared,Florida,DEMOCRATIC,23,https://www.youtube.com/@jaredmoskowitz4833,https://www.youtube.com/@wptapl1
Moulton,Seth,Massachusetts,DEMOCRATIC,6,https://www.youtube.com/@sethmoulton,https://www.youtube.com/@sethmoulton9798
Moylan,James C.,Guam,REPUBLICAN,At Large,https://www.youtube.com/@LBCOfficial,https://www.youtube.com/@SolSystem45
Mrvan,Frank J.,Indiana,DEMOCRATIC,1,https://www.youtube.com/@mrvanforcongress4468,https://www.youtube.com/@user-fb7bu5zq7i
Mullin,Kevin,California,DEMOCRATIC,15,https://www.youtube.com/@kevinmullinforcongress339,https://www.youtube.com/@northerncaliforniaislamicc4978
Mullin,Markwayne,Oklahoma,REPUBLICAN,,https://www.youtube.com/@MarkwayneMullinOK2,https://www.youtube.com/@MullinForCongress
Murkowski,Lisa,Alaska,REPUBLICAN,,https://www.youtube.com/@Lisa4Senate,https://www.youtube.com/@senatormurkowski
Murphy,Christopher,Connecticut,DEMOCRATIC,,https://www.youtube.com/@SenatorChrisMurphy,https://www.youtube.com/@RepChrisMurphy
Murphy,Gregory,North Carolina,REPUBLICAN,3,https://www.youtube.com/@congressmangregmurphym.d.8905,https://www.youtube.com/@dr.gregmurphyforcongress8040
Murphy,Stephanie N.,Florida,DEMOCRATIC,7,https://www.youtube.com/@StephanieMurphyForFlorida,https://www.youtube.com/@RepStephMurphy
Murray,Patty,Washington,DEMOCRATIC,,https://www.youtube.com/@pattymurray,https://www.youtube.com/@peopleforpattymurray4718
Nadler,Jerrold,New York,DEMOCRATIC,12,https://www.youtube.com/@CongressmanNadler,https://www.youtube.com/@JudiciaryDems
Napolitano,Grace F.,California,DEMOCRATIC,31,https://www.youtube.com/@RepGraceNapolitano,https://www.youtube.com/@Napolitano4Congress
Neal,Richard E.,Massachusetts,DEMOCRATIC,1,https://www.youtube.com/@richardnealforcongress4590,https://www.youtube.com/@RepRichardENeal
Neguse,Joe,Colorado,DEMOCRATIC,2,https://www.youtube.com/@joeneguse3020,https://www.youtube.com/@RepJoeNeguse
Nehls,Troy E.,Texas,REPUBLICAN,22,https://www.youtube.com/@user-nn6ew3ee6c,https://www.youtube.com/@nehlsforcongress6340
Newhouse,Dan,Washington,REPUBLICAN,4,https://www.youtube.com/@dannewhousewa,https://www.youtube.com/@rep.peteaguilar4281
Newman,Marie,Illinois,DEMOCRATIC,3,https://www.youtube.com/@congresswomanmarienewman2840,https://www.youtube.com/@danlipinskiforcongress9767
Nickel,Wiley,North Carolina,DEMOCRATIC,13,https://www.youtube.com/@wileynickelforcongress6083,https://www.youtube.com/@WileyNickelLaw
Norcross,Donald,New Jersey,DEMOCRATIC,1,https://www.youtube.com/@DonaldNorcross,https://www.youtube.com/@donaldnorcross6256
Norman,Ralph,South Carolina,REPUBLICAN,5,https://www.youtube.com/@rep.ralphnorman3593,https://www.youtube.com/@evangelinehundley2146
Norton,Eleanor Holmes,District of Columbia,DEMOCRATIC,At Large,https://www.youtube.com/@EleanorHNorton,https://www.youtube.com/@OversightDems
Nunes,Devin,California,REPUBLICAN,22,https://www.youtube.com/@RepDevinNunes,https://www.youtube.com/@infoadmin8724
Nunn,Zachary,Iowa,REPUBLICAN,3,https://www.youtube.com/@zachnunn291,https://www.youtube.com/@AARPIowa
O'Halleran,Tom,Arizona,DEMOCRATIC,1,https://www.youtube.com/@tomohalleranforcongress9872,https://www.youtube.com/@repohalleran
Obernolte,Jay,California,REPUBLICAN,23,https://www.youtube.com/@jayobernolte,https://www.youtube.com/@wethepeoplerising8688
Ocasio-Cortez,Alexandria,New York,DEMOCRATIC,14,https://www.youtube.com/@AOC,https://www.youtube.com/@repaoc8965
Ogles,Andrew,Tennessee,REPUBLICAN,5,https://www.youtube.com/@AndyOglesForCongress,https://www.youtube.com/@RepAndyOgles
Omar,Ilhan,Minnesota,DEMOCRATIC,5,https://www.youtube.com/@rep.ilhanomar2703,https://www.youtube.com/@IlhanOmarforCongress
Ossoff,Jon,Georgia,DEMOCRATIC,,https://www.youtube.com/@senatorjonossoff6766,https://www.youtube.com/@jonossoff8530
Owens,Burgess,Utah,REPUBLICAN,4,https://www.youtube.com/@repburgessowens,https://www.youtube.com/@burgessowens89
Padilla,Alex,California,DEMOCRATIC,,https://www.youtube.com/@senatoralexpadilla3990,https://www.youtube.com/@californiamortgagereliefpr2196
Palazzo,Steven M.,Mississippi,REPUBLICAN,4,https://www.youtube.com/@CongressmanPalazzo,https://www.youtube.com/@PalazzoForCongress
Pallone,Frank,New Jersey,DEMOCRATIC,6,https://www.youtube.com/@RepFrankPallone,https://www.youtube.com/@FrankPallone
Palmer,Gary J.,Alabama,REPUBLICAN,6,https://www.youtube.com/@repgarypalmer,https://www.youtube.com/@PalmerForAlabama
Panetta,Jimmy,California,DEMOCRATIC,19,https://www.youtube.com/@RepJimmyPanetta,https://www.youtube.com/@jimmypanetta8888
Pappas,Chris,New Hampshire,DEMOCRATIC,1,https://www.youtube.com/@chrispappasfornewhampshire5862,https://www.youtube.com/@congressmanchrispappas2330
Pascrell,Bill,New Jersey,DEMOCRATIC,9,https://www.youtube.com/@pascrellcampaign3740,https://www.youtube.com/@RepPascrell
Paul,Rand,Kentucky,REPUBLICAN,,https://www.youtube.com/@randpaul,https://www.youtube.com/@RonPaulLibertyReport
Payne,Donald M.,New Jersey,DEMOCRATIC,10,https://www.youtube.com/@DonaldPayneJr,https://www.youtube.com/@CongressmanPayne
Pelosi,Nancy,California,DEMOCRATIC,11,https://www.youtube.com/@NancyPelosi,https://www.youtube.com/@nancypelosiforcongress250
Peltola,Mary Sattler,Alaska,DEMOCRATIC,At Large,https://www.youtube.com/@marypeltolaforcongress4265,https://www.youtube.com/@alaskascotty
Pence,Greg,Indiana,REPUBLICAN,6,https://www.youtube.com/@rep.gregpence2452,https://www.youtube.com/@teampence2836
Perez,Marie Gluesenkamp,Washington,DEMOCRATIC,3,https://www.youtube.com/@mariegluesenkampperez9088,https://www.youtube.com/@JoeKentforCongress
Perlmutter,Ed,Colorado,DEMOCRATIC,7,https://www.youtube.com/@RepPerlmutter,https://www.youtube.com/@Perlmutter4Colorado
Perry,Scott,Pennsylvania,REPUBLICAN,10,https://www.youtube.com/@RepScottPerry,https://www.youtube.com/@ScottPerry4Congress
Peters,Gary C.,Michigan,DEMOCRATIC,,https://www.youtube.com/@SenGaryPeters,https://www.youtube.com/@petersformichigan1686
Peters,Scott H.,California,DEMOCRATIC,50,https://www.youtube.com/@repscottpeters,https://www.youtube.com/@ScottPetersSD
Pettersen,Brittany,Colorado,DEMOCRATIC,7,https://www.youtube.com/@AIPACPC,https://www.youtube.com/@politibytes
Pfluger,August,Texas,REPUBLICAN,11,https://www.youtube.com/@reppfluger,https://www.youtube.com/@augustpfluger8764
Phillips,Dean,Minnesota,DEMOCRATIC,3,https://www.youtube.com/@DeanPhillipsforCongress,https://www.youtube.com/@RepDeanPhillips
Pingree,Chellie,Maine,DEMOCRATIC,1,https://www.youtube.com/@CongresswomanPingree,https://www.youtube.com/@chelliepingree
Plaskett,Stacey E.,Virgin Islands,DEMOCRATIC,At Large,https://www.youtube.com/@CongresswomanStaceyPlaskett,https://www.youtube.com/@staceyplaskett6162
Pocan,Mark,Wisconsin,DEMOCRATIC,2,https://www.youtube.com/@repmarkpocan,https://www.youtube.com/@PocanForCongress
Porter,Katie,California,DEMOCRATIC,47,https://www.youtube.com/@RepKatiePorter,https://www.youtube.com/@katieporter6913
Portman,Rob,Ohio,REPUBLICAN,,https://www.youtube.com/@SenatorRobPortman,https://www.youtube.com/@robportman2016
Posey,Bill,Florida,REPUBLICAN,8,https://www.youtube.com/@CongressmanPosey,https://www.youtube.com/@BillPoseydotcom
Pressley,Ayanna,Massachusetts,DEMOCRATIC,7,https://www.youtube.com/@ayannapressley4542,https://www.youtube.com/@MrPotatoHead82
Price,David E.,North Carolina,DEMOCRATIC,4,https://www.youtube.com/@RepDavidPrice,https://www.youtube.com/@davidhogan-worldwideimpact4358
Quigley,Mike,Illinois,DEMOCRATIC,5,https://www.youtube.com/@RepMikeQuigley,https://www.youtube.com/@michaelquigley5079
Radewagen,Aumua Amata Coleman,American Samoa,REPUBLICAN,At Large,https://www.youtube.com/@congresswomanaumuaamata2861,
Ramirez,Delia C.,Illinois,DEMOCRATIC,3,https://www.youtube.com/@deliaramirezforcongress7580,https://www.youtube.com/@thedemocraticpartyofmilton8412
Raskin,Jamie,Maryland,DEMOCRATIC,8,https://www.youtube.com/@jamieraskinforcongress1390,https://www.youtube.com/@OversightDems
Reed,Jack,Rhode Island,DEMOCRATIC,,https://www.youtube.com/@SenatorReed,https://www.youtube.com/@SethMagazinerRI
Reed,Tom,New York,REPUBLICAN,23,https://www.youtube.com/@CongressmanTomReed,https://www.youtube.com/@TomReedforCongress
Reschenthaler,Guy,Pennsylvania,REPUBLICAN,14,https://www.youtube.com/@RepGuyReschenthaler,https://www.youtube.com/@guyforpa7188
Rice,Kathleen M.,New York,DEMOCRATIC,4,https://www.youtube.com/@kathleenriceforcongress6532,https://www.youtube.com/@kathleenriceforcongress2325
Rice,Tom,South Carolina,REPUBLICAN,7,https://www.youtube.com/@VoteTomRice,https://www.youtube.com/@tomrice995
Richmond,Cedric L.,Louisiana,DEMOCRATIC,2,https://www.youtube.com/@RepCedricRichmond,https://www.youtube.com/@congressmancedricrichmond8913
Ricketts,Pete,Nebraska,REPUBLICAN,,https://www.youtube.com/@GovernorPeteRicketts,https://www.youtube.com/@amandaadkins8117
Risch,James E.,Idaho,REPUBLICAN,,https://www.youtube.com/@SenatorJamesRisch,https://www.youtube.com/@ForbesBreakingNews
Rogers,Harold,Kentucky,REPUBLICAN,5,https://www.youtube.com/@halrogersforcongress5631,https://www.youtube.com/@ClaxtonEnterprise
Rogers,Mike D.,Alabama,REPUBLICAN,3,https://www.youtube.com/@MikeRogersAL03,https://www.youtube.com/@MikeRogers08
Romney,Mitt,Utah,REPUBLICAN,,https://www.youtube.com/@mittromney1,https://www.youtube.com/@BadLipReading
Rose,John W.,Tennessee,REPUBLICAN,6,https://www.youtube.com/@repjohnrose4895,https://www.youtube.com/@johnrosefortennessee783
Rosen,Jacky,Nevada,DEMOCRATIC,,https://www.youtube.com/@SenJackyRosen,https://www.youtube.com/@DeanHeller
Rosendale Sr.,Matthew M.,Montana,REPUBLICAN,2,https://www.youtube.com/@MattForMontana,https://www.youtube.com/@AmericanMoment
Ross,Deborah K.,North Carolina,DEMOCRATIC,2,https://www.youtube.com/@deborahross4339,https://www.youtube.com/@deborahross1791
Rounds,Mike,South Dakota,REPUBLICAN,,https://www.youtube.com/@mikerounds2891,https://www.youtube.com/@RoundsForSenate
Rouzer,David,North Carolina,REPUBLICAN,7,https://www.youtube.com/@RepDavidRouzer,https://www.youtube.com/@davidrouzer
Roy,Chip,Texas,REPUBLICAN,21,https://www.youtube.com/@chiproyforcongress112,https://www.youtube.com/@repchiproy2013
Roybal-Allard,Lucille,California,DEMOCRATIC,40,https://www.youtube.com/@RepRoybalAllard,https://www.youtube.com/@user-lq3ns5ge3g
Rubio,Marco,Florida,REPUBLICAN,,https://www.youtube.com/@SenatorMarcoRubio,https://www.youtube.com/@MarcoRubio
Ruiz,Raul,California,DEMOCRATIC,25,https://www.youtube.com/@DrRaulRuiz,https://www.youtube.com/@RepRaulRuizMD
Ruppersberger,C. A. Dutch,Maryland,DEMOCRATIC,2,https://www.youtube.com/@Ruppersberger,https://www.youtube.com/@nicoleeambroseforcongress4860
Rush,Bobby L.,Illinois,DEMOCRATIC,1,https://www.youtube.com/@citizensforrush981,https://www.youtube.com/@karinnorington-reavesforco5924
Rutherford,John H.,Florida,REPUBLICAN,5,https://www.youtube.com/@RepRutherfordFL,https://www.youtube.com/@citizensforjohnrutherford2673
Ryan,Patrick,New York,DEMOCRATIC,18,https://www.youtube.com/@patryanforcongress1253,https://www.youtube.com/@rep.patryan9964
Ryan,Tim,Ohio,DEMOCRATIC,13,https://www.youtube.com/@TimRyanVision,https://www.youtube.com/@timryan4615
Sablan,Gregorio Kilili Camacho,Northern Mariana Islands,DEMOCRATIC,At Large,https://www.youtube.com/@Kilili_Sablan,https://www.youtube.com/@kilili4congress08
Salazar,Maria Elvira,Florida,REPUBLICAN,27,https://www.youtube.com/@repmariasalazar,https://www.youtube.com/@mariaelvirasalazar
Salinas,Andrea,Oregon,DEMOCRATIC,6,https://www.youtube.com/@CLFSuperPAC,https://www.youtube.com/@marioncountydemocrats9194
San Nicolas,Michael F. Q.,Guam,DEMOCRATIC,At Large,https://www.youtube.com/@officeofcongressmanmichael3655,https://www.youtube.com/@sannicolasforcongress7123
Sanders,Bernard,Vermont,INDEPENDENT,,https://www.youtube.com/@SenatorSanders,https://www.youtube.com/@BernieSanders
Santos,George,New York,REPUBLICAN,3,https://www.youtube.com/@georgesantos3198,https://www.youtube.com/@TheMikeLiPetriShow
Sarbanes,John P.,Maryland,DEMOCRATIC,3,https://www.youtube.com/@CongressmanJohnSarbanes,https://www.youtube.com/@JohnsarbanesMD3
Sasse,Ben,Nebraska,REPUBLICAN,,https://www.youtube.com/@SenatorSasse,https://www.youtube.com/@sassefornebraska
Scalise,Steve,Louisiana,REPUBLICAN,1,https://www.youtube.com/@RepSteveScalise,https://www.youtube.com/@GeauxScalise
Scanlon,Mary Gay,Pennsylvania,DEMOCRATIC,5,https://www.youtube.com/@scanlonforcongress9555,https://www.youtube.com/@davegalluchforuscongresspa1706
Schakowsky,Janice D.,Illinois,DEMOCRATIC,9,https://www.youtube.com/@RepSchakowsky,https://www.youtube.com/@americansdemocraticforum8427
Schatz,Brian,Hawaii,DEMOCRATIC,,https://www.youtube.com/@schatzforhawaii344,https://www.youtube.com/@ForbesBreakingNews
Schiff,Adam B.,California,DEMOCRATIC,30,https://www.youtube.com/@repadamschiff,https://www.youtube.com/@teamschiff2340
Schmitt,Eric,Missouri,REPUBLICAN,,https://www.youtube.com/@ericschmittforsenate2815,https://www.youtube.com/@missouriattorneygeneraleri3694
Schneider,Bradley Scott,Illinois,DEMOCRATIC,10,https://www.youtube.com/@Schneiderforcongress,https://www.youtube.com/@RepBradSchneider
Scholten,Hillary J.,Michigan,DEMOCRATIC,3,https://www.youtube.com/@hillaryscholtenforcongress1557,
Schrader,Kurt,Oregon,DEMOCRATIC,5,https://www.youtube.com/@SchraderForCongress,https://www.youtube.com/@RepKurtSchrader
Schrier,Kim,Washington,DEMOCRATIC,8,https://www.youtube.com/@dr.kimschrier186,https://www.youtube.com/@WashingtonIndivisibleNetwork
Schumer,Charles E.,New York,DEMOCRATIC,,https://www.youtube.com/@SenatorSchumer,https://www.youtube.com/@ChuckSchumer
Schweikert,David,Arizona,REPUBLICAN,1,https://www.youtube.com/@RepDavidSchweikert,https://www.youtube.com/@schweikert4congress
Scott,Austin,Georgia,REPUBLICAN,8,https://www.youtube.com/@RepAustinScott,https://www.youtube.com/@AustinScottCongress
Scott,David,Georgia,DEMOCRATIC,13,https://www.youtube.com/@RepDavidScott,https://www.youtube.com/@davidscottforcongress9659
Scott,Rick,Florida,REPUBLICAN,,https://www.youtube.com/@senrickscott8007,https://www.youtube.com/@ocrec8845
Scott,"Robert C. ""Bobby""",Virginia,DEMOCRATIC,3,https://www.youtube.com/@scottgryderforcongress7596,https://www.youtube.com/@RepScottPerry
Scott,Tim,South Carolina,REPUBLICAN,,https://www.youtube.com/@votetimscott,https://www.youtube.com/@RepTimScott
Self,Keith,Texas,REPUBLICAN,3,https://www.youtube.com/@KeithSelf2010,https://www.youtube.com/@worldmartialartscongress2979
Sempolinski,Joseph,New York,REPUBLICAN,23,https://www.youtube.com/@joesempolinskiforcongress2952,
Sessions,Pete,Texas,REPUBLICAN,17,https://www.youtube.com/@SessionsforCongress,https://www.youtube.com/@petesessionsforcongress2026
Sewell,Terri A.,Alabama,DEMOCRATIC,7,https://www.youtube.com/@RepSewell,https://www.youtube.com/@terrisewell8539
Shaheen,Jeanne,New Hampshire,DEMOCRATIC,,https://www.youtube.com/@SenatorShaheen,https://www.youtube.com/@CongressionalDishPodcast
Shelby,Richard C.,Alabama,REPUBLICAN,,https://www.youtube.com/@Shhhrichard,https://www.youtube.com/@fflempowerment8625
Sherman,Brad,California,DEMOCRATIC,32,https://www.youtube.com/@CongressmanBradShermanCA,https://www.youtube.com/@shermanforcongress8516
Sherrill,Mikie,New Jersey,DEMOCRATIC,11,https://www.youtube.com/@MikieSherrillforCongress,https://www.youtube.com/@mikiesherrill4807
Simpson,Michael K.,Idaho,REPUBLICAN,2,https://www.youtube.com/@mikesimpsonforcongress8308,https://www.youtube.com/@CongMikeSimpson
Sinema,Kyrsten,Arizona,INDEPENDENT,,https://www.youtube.com/@senatorsinema,https://www.youtube.com/@ksinemaaz
Sires,Albio,New Jersey,DEMOCRATIC,8,https://www.youtube.com/@RepSiresNJ13,https://www.youtube.com/@chcicommunications
Slotkin,Elissa,Michigan,DEMOCRATIC,7,https://www.youtube.com/@campaignslotkinforcongress3723,https://www.youtube.com/@u.s.representativeelissasl7729
Smith,Adam,Washington,DEMOCRATIC,9,https://www.youtube.com/@RepAdamSmith,https://www.youtube.com/@adamsmithforcongress6592
Smith,Adrian,Nebraska,REPUBLICAN,3,https://www.youtube.com/@RepAdrianSmith,https://www.youtube.com/@HouseConference
Smith,Christopher H.,New Jersey,REPUBLICAN,4,https://www.youtube.com/@christophersmithforcongres3526,https://www.youtube.com/@christophersmithphotoandvi480
Smith,Jason,Missouri,REPUBLICAN,8,https://www.youtube.com/@RepJasonSmith,https://www.youtube.com/@realjasonwhitlock
Smith,Tina,Minnesota,DEMOCRATIC,,https://www.youtube.com/@aarpminnesota,https://www.youtube.com/@evergreenaction
Smucker,Lloyd,Pennsylvania,REPUBLICAN,11,https://www.youtube.com/@RepSmucker,https://www.youtube.com/@ElectsmuckerPA16
Sorensen,Eric,Illinois,DEMOCRATIC,17,https://www.youtube.com/@RepEricSorensen,https://www.youtube.com/@ericsorensenforillinois6010
Soto,Darren,Florida,DEMOCRATIC,9,https://www.youtube.com/@darrensoto1208,https://www.youtube.com/@congressionalequalitycaucus
Spanberger,Abigail Davis,Virginia,DEMOCRATIC,7,https://www.youtube.com/@abigailspanbergerforcongre4618,https://www.youtube.com/@RepSpanberger
Spartz,Victoria,Indiana,REPUBLICAN,5,https://www.youtube.com/@spartzforcongress4596,https://www.youtube.com/@rep.victoriaspartz4506
Speier,Jackie,California,DEMOCRATIC,14,https://www.youtube.com/@jackiespeierca14,https://www.youtube.com/@kevinmullinforcongress339
Stabenow,Debbie,Michigan,DEMOCRATIC,,https://www.youtube.com/@SenatorStabenow,https://www.youtube.com/@FairFoodNetwork
Stansbury,Melanie Ann,New Mexico,DEMOCRATIC,1,https://www.youtube.com/@melaniestansburyfornewmexi785,https://www.youtube.com/@rep.melaniestansbury8649
Stanton,Greg,Arizona,DEMOCRATIC,4,https://www.youtube.com/@repgregstanton,https://www.youtube.com/@teamstanton2445
Stauber,Pete,Minnesota,REPUBLICAN,8,https://www.youtube.com/@RepPeteStauber,https://www.youtube.com/@PeteStauberforCongress
Steel,Michelle,California,REPUBLICAN,45,https://www.youtube.com/@michellesteel5114,https://www.youtube.com/@repsteel
Stefanik,Elise M.,New York,REPUBLICAN,21,https://www.youtube.com/@RepEliseStefanik,https://www.youtube.com/@EliseforCongress
Steil,Bryan,Wisconsin,REPUBLICAN,1,https://www.youtube.com/@RepBryanSteil,https://www.youtube.com/@steilforwisconsin5557
Steube,W. Gregory,Florida,REPUBLICAN,17,https://www.youtube.com/@RepGregSteube,https://www.youtube.com/@FredSteube
Stevens,Haley M.,Michigan,DEMOCRATIC,11,https://www.youtube.com/@haleystevensforcongressmi-9772,https://www.youtube.com/@haleystevens5647
Stewart,Chris,Utah,REPUBLICAN,2,https://www.youtube.com/@RepChrisStewart,https://www.youtube.com/@chrisstewartforutah643
Stivers,Steve,Ohio,REPUBLICAN,15,https://www.youtube.com/@StiversforCongress,https://www.youtube.com/@RepSteveStivers
Strickland,Marilyn,Washington,DEMOCRATIC,10,https://www.youtube.com/@RepStricklandWA,https://www.youtube.com/@stricklandforwashington3035
Strong,Dale,Alabama,REPUBLICAN,5,https://www.youtube.com/@dalestrongforcongress8654,https://www.youtube.com/@dalestrongforcongress3319
Sullivan,Dan,Alaska,REPUBLICAN,,https://www.youtube.com/@SenatorDanSullivan,https://www.youtube.com/@DanSullivanforAlaska
Suozzi,Thomas R.,New York,DEMOCRATIC,3,https://www.youtube.com/@tomsuozzi1109,https://www.youtube.com/@rep.tomsuozzi4456
Swalwell,Eric,California,DEMOCRATIC,14,https://www.youtube.com/@RepSwalwell,https://www.youtube.com/@swalwellca15
Sykes,Emilia Strong,Ohio,DEMOCRATIC,13,https://www.youtube.com/@studioone23productions,https://www.youtube.com/@OCSEAWesterville
Sánchez,Linda T.,California,DEMOCRATIC,38,https://www.youtube.com/@RepLindaSanchez,https://www.youtube.com/@uclalawforpeopleofcolorcon1325
Takano,Mark,California,DEMOCRATIC,39,https://www.youtube.com/@marktakano41,https://www.youtube.com/@RepMarkTakano
Taylor,Van,Texas,REPUBLICAN,3,https://www.youtube.com/@RepVanTaylor,https://www.youtube.com/@vanfortexas
Tenney,Claudia,New York,REPUBLICAN,24,https://www.youtube.com/@congresswomanclaudiatenney3072,https://www.youtube.com/@claudiatenneyforcongress885
Tester,Jon,Montana,DEMOCRATIC,,https://www.youtube.com/@SenatorJonTester,https://www.youtube.com/@CantTrustTester
Thanedar,Shri,Michigan,DEMOCRATIC,13,https://www.youtube.com/@shrithanedar1778,https://www.youtube.com/@tonyposproductions8958
Thompson,Bennie G.,Mississippi,DEMOCRATIC,2,https://www.youtube.com/@congressmanbennieg.thompso7575,https://www.youtube.com/@RepBennieThompson
Thompson,Glenn,Pennsylvania,REPUBLICAN,15,https://www.youtube.com/@CongressmanGT,https://www.youtube.com/@teamglenngtthompson8604
Thompson,Mike,California,DEMOCRATIC,4,https://www.youtube.com/@CongressmanMThompson,https://www.youtube.com/@mikethompsonforcongress597
Thune,John,South Dakota,REPUBLICAN,,https://www.youtube.com/@JohnThune,https://www.youtube.com/@SenatorThune
Tiffany,Thomas P.,Wisconsin,REPUBLICAN,7,https://www.youtube.com/@WealthyTiffany,https://www.youtube.com/@officeofcouncilmembertiffa2833
Tillis,Thomas,North Carolina,REPUBLICAN,,https://www.youtube.com/@SenatorTillis,https://www.youtube.com/@nccharters
Timmons,William R. IV,South Carolina,REPUBLICAN,4,https://www.youtube.com/@votetimmons,https://www.youtube.com/@patricktimmons8034
Titus,Dina,Nevada,DEMOCRATIC,1,https://www.youtube.com/@CongresswomanTitus,https://www.youtube.com/@titusforcongress
Tlaib,Rashida,Michigan,DEMOCRATIC,12,https://www.youtube.com/@rashidatlaib8124,https://www.youtube.com/@RashidaTlaib13
Tokuda,Jill N.,Hawaii,DEMOCRATIC,2,https://www.youtube.com/@jilltokuda4861,https://www.youtube.com/@RepEdCase
Tonko,Paul,New York,DEMOCRATIC,20,https://www.youtube.com/@reppaultonko,https://www.youtube.com/@paultonkoforcongress
Toomey,Patrick,Pennsylvania,REPUBLICAN,,https://www.youtube.com/@sentoomey,https://www.youtube.com/@ToomeyForSenate
Torres,Norma J.,California,DEMOCRATIC,35,https://www.youtube.com/@RepNormaTorres,https://www.youtube.com/@normatorres3102
Torres,Ritchie,New York,DEMOCRATIC,15,https://www.youtube.com/@ritchietorres6874,https://www.youtube.com/@RepRitchie
Trahan,Lori,Massachusetts,DEMOCRATIC,3,https://www.youtube.com/@loritrahanforuscongress8765,https://www.youtube.com/@user-bd4wb4rj7c
Trone,David J.,Maryland,DEMOCRATIC,6,https://www.youtube.com/@davidtrone7780,https://www.youtube.com/@rep.davidtrone6471
Tuberville,Tommy,Alabama,REPUBLICAN,,https://www.youtube.com/@tommytuberville598,https://www.youtube.com/@mynbc15
Turner,Michael R.,Ohio,REPUBLICAN,10,https://www.youtube.com/@rep.michaelturner6425,https://www.youtube.com/@CongressmanTurner
Underwood,Lauren,Illinois,DEMOCRATIC,14,https://www.youtube.com/@laurenunderwoodforcongress9365,https://www.youtube.com/@RepUnderwood
Upton,Fred,Michigan,REPUBLICAN,6,https://www.youtube.com/@RepFredUpton,https://www.youtube.com/@Upton2012
Valadao,David G.,California,REPUBLICAN,22,https://www.youtube.com/@congressmandavidg.valadao6121,https://www.youtube.com/@TeamValadao
Van Drew,Jefferson,New Jersey,REPUBLICAN,2,https://www.youtube.com/@CongressmanJeffVanDrew,https://www.youtube.com/@espn
Van Duyne,Beth,Texas,REPUBLICAN,24,https://www.youtube.com/@bethvanduyne4745,https://www.youtube.com/@congresswomanbethvanduyne1659
Van Hollen,Chris,Maryland,DEMOCRATIC,,https://www.youtube.com/@senatorvanhollen,https://www.youtube.com/@vanhollenforsenate1425
Van Orden,Derrick,Wisconsin,REPUBLICAN,3,https://www.youtube.com/@derrickvanorden8696,https://www.youtube.com/@repvanorden
Vance,J.D.,Ohio,REPUBLICAN,,https://www.youtube.com/@jdvanceforsenate6218,https://www.youtube.com/@ForbesBreakingNews
Vargas,Juan,California,DEMOCRATIC,52,https://www.youtube.com/@RepJuanVargas,https://www.youtube.com/@tylergeffeney4congress313
Vasquez,Gabe,New Mexico,DEMOCRATIC,2,https://www.youtube.com/@RepGabeVasquez,https://www.youtube.com/@auravasquez7698
Veasey,Marc A.,Texas,DEMOCRATIC,33,https://www.youtube.com/@marcveasey,https://www.youtube.com/@marcveasey7465
Vela,Filemon,Texas,DEMOCRATIC,34,https://www.youtube.com/@RepFilemonVela,https://www.youtube.com/@VelaforCongress
Velazquez,Nydia M.,New York,DEMOCRATIC,7,https://www.youtube.com/@nydiavelazquez,https://www.youtube.com/@nydiamvelazquezforcongress5340
Wagner,Ann,Missouri,REPUBLICAN,2,https://www.youtube.com/@Ann4Congress,https://www.youtube.com/@annwagner160
Walberg,Tim,Michigan,REPUBLICAN,5,https://www.youtube.com/@WalbergForCongress,https://www.youtube.com/@ROARReclaimOurAmericanRepublic
Walorski,Jackie,Indiana,REPUBLICAN,2,https://www.youtube.com/@repwalorski,https://www.youtube.com/@jackiewalorski
Waltz,Michael,Florida,REPUBLICAN,6,https://www.youtube.com/@repmichaelwaltz,https://www.youtube.com/@mikewaltz5415
Warner,Mark R.,Virginia,DEMOCRATIC,,https://www.youtube.com/@MarkWarner,https://www.youtube.com/@jenniferwextonforcongress6781
Warnock,Raphael G.,Georgia,DEMOCRATIC,,https://www.youtube.com/@reverendraphaelwarnock2754,https://www.youtube.com/@leagueofelections7339
Warren,Elizabeth,Massachusetts,DEMOCRATIC,,https://www.youtube.com/@ElizabethWarren,https://www.youtube.com/@oversightpanel
Wasserman Schultz,Debbie,Florida,DEMOCRATIC,25,https://www.youtube.com/@RepWassermanSchultz,https://www.youtube.com/@CarlaSpaldingFL
Waters,Maxine,California,DEMOCRATIC,43,https://www.youtube.com/@MaxineWaters,https://www.youtube.com/@FSCDems
Watson Coleman,Bonnie,New Jersey,DEMOCRATIC,12,https://www.youtube.com/@congresswomanbonniewatsonc9210,https://www.youtube.com/@bonniewatsoncoleman6194
Weber,Randy K.,Texas,REPUBLICAN,14,https://www.youtube.com/@weberfortexas,https://www.youtube.com/@TXRandy14
Webster,Daniel,Florida,REPUBLICAN,11,https://www.youtube.com/@danielwebsterforcongress4075,https://www.youtube.com/@RepDanielWebster
Welch,Peter,Vermont,DEMOCRATIC,,https://www.youtube.com/@SenPeterWelch,https://www.youtube.com/@jstreetdotorg
Wenstrup,Brad R.,Ohio,REPUBLICAN,2,https://www.youtube.com/@RepBradWenstrup,https://www.youtube.com/@WenstrupforCongress
Westerman,Bruce,Arkansas,REPUBLICAN,4,https://www.youtube.com/@WestermanAR,https://www.youtube.com/@RepBruceWesterman
Wexton,Jennifer,Virginia,DEMOCRATIC,10,https://www.youtube.com/@jenniferwextonforcongress6781,https://www.youtube.com/@congresswomanjenniferwexto4253
Whitehouse,Sheldon,Rhode Island,DEMOCRATIC,,https://www.youtube.com/@SenatorWhitehouse,https://www.youtube.com/@sheldonwhitehouse3431
Wicker,Roger F.,Mississippi,REPUBLICAN,,https://www.youtube.com/@SenatorWicker,https://www.youtube.com/@wickerforsenate
Wild,Susan,Pennsylvania,DEMOCRATIC,7,https://www.youtube.com/@susanwildforcongress1519,https://www.youtube.com/@Rudster14
Williams,Brandon,New York,REPUBLICAN,22,https://www.youtube.com/@blank8590,https://www.youtube.com/@congressionalintegrity
Williams,Nikema,Georgia,DEMOCRATIC,5,https://www.youtube.com/@congresswomannikemawilliam712,https://www.youtube.com/@nikemawilliams3352
Williams,Roger,Texas,REPUBLICAN,25,https://www.youtube.com/@RogerWilliamsTX,https://www.youtube.com/@RogerWilliamsTX25
Wilson,Frederica S.,Florida,DEMOCRATIC,24,https://www.youtube.com/@RepFredericaWilson,https://www.youtube.com/@FredericaSWilson
Wilson,Joe,South Carolina,REPUBLICAN,2,https://www.youtube.com/@CongJoeWilson,https://www.youtube.com/@RepFredericaWilson
Wittman,Robert J.,Virginia,REPUBLICAN,1,https://www.youtube.com/@RobWittman,https://www.youtube.com/@wittmancampaign7654
Womack,Steve,Arkansas,REPUBLICAN,3,https://www.youtube.com/@CongressmanWomack,https://www.youtube.com/@stevewomack5386
Wright,Ron,Texas,REPUBLICAN,6,https://www.youtube.com/@ronwrightforcongress9678,https://www.youtube.com/@congressmanronwright1699
Wyden,Ron,Oregon,DEMOCRATIC,,https://www.youtube.com/@SenRonWydenOre,https://www.youtube.com/@WydenForSenate
Yakym,Rudy,Indiana,REPUBLICAN,2,https://www.youtube.com/@jamestownassociates,
Yarmuth,John A.,Kentucky,DEMOCRATIC,3,https://www.youtube.com/@FmrRepJohnYarmuth,https://www.youtube.com/@YarmuthforCongress
Young,Don,Alaska,REPUBLICAN,At Large,https://www.youtube.com/@DonYoungNeoCon,https://www.youtube.com/@teamalyse6707
Young,Todd,Indiana,REPUBLICAN,,https://www.youtube.com/@toddyoung1381,https://www.youtube.com/@ToddYoungIndiana
Zeldin,Lee M.,New York,REPUBLICAN,1,https://www.youtube.com/@RepLeeZeldin,https://www.youtube.com/@leezeldinfornewyork8999
Zinke,Ryan K.,Montana,REPUBLICAN,1,https://www.youtube.com/@ryanzinkeforcongress3409,https://www.youtube.com/@ryanzinkeforcongress1523